slice.query_id	slice.repo	slice.domain	slice.category	slice.difficulty	slice.multiplicity	slice.split	slice.source	arm.run_id	arm.config_id	arm.arm	arm.index_mode	arm.header	arm.reranked	ret.recall@5	ret.recall@20	ret.recall@100	ret.precision@5	ret.precision@10	ret.ndcg@10	ret.mrr	ret.primary_mrr	ret.primary_recall@20	ret.sentinel_cov	ret.answer_hit@5	ret.n_ranked	ret.frac_code_retrieved	ret.frac_md_retrieved	pack.context_tokens	pack.n_packed	gen.abstained	gen.answer_len	ver.sentinel_contained	ver.citation_support	ver.unsupported_rate	ver.contamination_hits	eff.retrieval_ms	eff.index_ms	eff.generation_ms	route.action	route.triggered	route.n_sub	route.feat
az-mcts-virtual-loss-mean-q	alpha-zero	code	codebase	medium	single-primary	held-out	claude	0022-wave7-caveat	w6-rrk-qwen4b+score-raw20	w6-rrk-qwen4b+score-raw20	combined	True	True	1.0	1.0	1.0	0.2	0.1	0.5	0.333333	0.333333	1.0	0.5	1.0	26	0.65	0.35	6548	20	0	234	0.0	0.8	0.2	0	1069.31	0.0	11700.7				
az-mcts-virtual-loss-mean-q	alpha-zero	code	codebase	medium	single-primary	held-out	claude	0022-wave7-caveat	w6-rrk-qwen4b+score-4k	w6-rrk-qwen4b+score-4k	combined	True	True	1.0	1.0	1.0	0.2	0.1	0.5	0.333333	0.333333	1.0	0.5	1.0	26	0.666667	0.333333	3975	12	0	224	0.0	0.8	0.2	0	1069.31	0.0	11200.1				
az-mcts-virtual-loss-mean-q	alpha-zero	code	codebase	medium	single-primary	held-out	claude	0022-wave7-caveat	w6-rrk-qwen4b+source-4k	w6-rrk-qwen4b+source-4k	combined	True	True	1.0	1.0	1.0	0.2	0.1	0.5	0.333333	0.333333	1.0	0.5	1.0	26	0.363636	0.636364	3917	11	0	97	0.0	0.5	0.5	0	1069.31	0.0	6925.1				
az-mcts-virtual-loss-mean-q	alpha-zero	code	codebase	medium	single-primary	held-out	claude	0022-wave7-caveat	w6-rrk-qwen4b+parent-4k	w6-rrk-qwen4b+parent-4k	combined	True	True	1.0	1.0	1.0	0.2	0.1	0.5	0.333333	0.333333	1.0	0.5	1.0	26	0.75	0.25	3896	12	0	217	0.0	0.8	0.2	0	1069.31	0.0	10700.9				
az-mcts-tree-reuse-delta1	alpha-zero	code	codebase	hard	single-primary	held-out	claude	0022-wave7-caveat	w6-rrk-qwen4b+score-raw20	w6-rrk-qwen4b+score-raw20	combined	True	True	1.0	1.0	1.0	0.2	0.1	0.63093	0.5	0.5	1.0	1.0	1.0	28	0.85	0.15	4380	20	0	184	0.0	0.8	0.2	0	482.26	0.0	9822.0				
az-mcts-tree-reuse-delta1	alpha-zero	code	codebase	hard	single-primary	held-out	claude	0022-wave7-caveat	w6-rrk-qwen4b+score-4k	w6-rrk-qwen4b+score-4k	combined	True	True	1.0	1.0	1.0	0.2	0.1	0.63093	0.5	0.5	1.0	1.0	1.0	28	0.833333	0.166667	3926	18	0	129	0.0	0.333333	0.666667	0	482.26	0.0	8417.2				
az-mcts-tree-reuse-delta1	alpha-zero	code	codebase	hard	single-primary	held-out	claude	0022-wave7-caveat	w6-rrk-qwen4b+source-4k	w6-rrk-qwen4b+source-4k	combined	True	True	1.0	1.0	1.0	0.2	0.1	0.63093	0.5	0.5	1.0	1.0	1.0	28	0.833333	0.166667	3930	18	0	150	0.0	0.333333	0.666667	0	482.26	0.0	9017.8				
az-mcts-tree-reuse-delta1	alpha-zero	code	codebase	hard	single-primary	held-out	claude	0022-wave7-caveat	w6-rrk-qwen4b+parent-4k	w6-rrk-qwen4b+parent-4k	combined	True	True	1.0	1.0	1.0	0.2	0.1	0.63093	0.5	0.5	1.0	1.0	1.0	28	0.833333	0.166667	3926	18	0	130	0.0	0.333333	0.666667	0	482.26	0.0	7976.1				
az-batch-inference-pipeline-slots	alpha-zero	code	codebase	hard	single-primary	held-out	claude	0022-wave7-caveat	w6-rrk-qwen4b+score-raw20	w6-rrk-qwen4b+score-raw20	combined	True	True	1.0	1.0	1.0	0.2	0.1	1.0	1.0	1.0	1.0	0.666667	1.0	36	0.6	0.4	6266	20	0	154	0.333333	1.0	0.0	0	606.18	0.0	5483.0				
az-batch-inference-pipeline-slots	alpha-zero	code	codebase	hard	single-primary	held-out	claude	0022-wave7-caveat	w6-rrk-qwen4b+score-4k	w6-rrk-qwen4b+score-4k	combined	True	True	1.0	1.0	1.0	0.2	0.1	1.0	1.0	1.0	1.0	0.666667	1.0	36	0.642857	0.357143	3897	14	0	192	0.333333	1.0	0.0	0	606.18	0.0	6406.0				
az-batch-inference-pipeline-slots	alpha-zero	code	codebase	hard	single-primary	held-out	claude	0022-wave7-caveat	w6-rrk-qwen4b+source-4k	w6-rrk-qwen4b+source-4k	combined	True	True	1.0	1.0	1.0	0.2	0.1	1.0	1.0	1.0	1.0	0.666667	1.0	36	0.461538	0.538462	3997	13	0	146	0.0	1.0	0.0	0	606.18	0.0	5090.3				
az-batch-inference-pipeline-slots	alpha-zero	code	codebase	hard	single-primary	held-out	claude	0022-wave7-caveat	w6-rrk-qwen4b+parent-4k	w6-rrk-qwen4b+parent-4k	combined	True	True	1.0	1.0	1.0	0.2	0.1	1.0	1.0	1.0	1.0	0.666667	1.0	36	0.642857	0.357143	3897	14	0	166	0.333333	1.0	0.0	0	606.18	0.0	5645.5				
az-cuda-adam-gradclip-kernel	alpha-zero	code	codebase	hard	single-primary	held-out	claude	0022-wave7-caveat	w6-rrk-qwen4b+score-raw20	w6-rrk-qwen4b+score-raw20	combined	True	True	1.0	1.0	1.0	0.2	0.1	1.0	1.0	1.0	1.0	1.0	1.0	36	0.95	0.05	5082	20	0	407	1.0	0.7	0.3	0	564.22	0.0	14442.8				
az-cuda-adam-gradclip-kernel	alpha-zero	code	codebase	hard	single-primary	held-out	claude	0022-wave7-caveat	w6-rrk-qwen4b+score-4k	w6-rrk-qwen4b+score-4k	combined	True	True	1.0	1.0	1.0	0.2	0.1	1.0	1.0	1.0	1.0	1.0	1.0	36	0.928571	0.071429	3937	14	0	197	0.333333	1.0	0.0	0	564.22	0.0	5923.0				
az-cuda-adam-gradclip-kernel	alpha-zero	code	codebase	hard	single-primary	held-out	claude	0022-wave7-caveat	w6-rrk-qwen4b+source-4k	w6-rrk-qwen4b+source-4k	combined	True	True	1.0	1.0	1.0	0.2	0.1	1.0	1.0	1.0	1.0	1.0	1.0	36	0.928571	0.071429	3953	14	0	410	1.0	1.0	0.0	0	564.22	0.0	13954.5				
az-cuda-adam-gradclip-kernel	alpha-zero	code	codebase	hard	single-primary	held-out	claude	0022-wave7-caveat	w6-rrk-qwen4b+parent-4k	w6-rrk-qwen4b+parent-4k	combined	True	True	1.0	1.0	1.0	0.2	0.1	1.0	1.0	1.0	1.0	1.0	1.0	36	0.933333	0.066667	3852	15	0	248	1.0	0.75	0.25	0	564.22	0.0	8005.1				
az-flashattn-wmma-dh-gate	alpha-zero	code	codebase	medium	single-primary	held-out	claude	0022-wave7-caveat	w6-rrk-qwen4b+score-raw20	w6-rrk-qwen4b+score-raw20	combined	True	True	1.0	1.0	1.0	0.2	0.1	1.0	1.0	1.0	1.0	1.0	1.0	24	0.7	0.3	5593	20	0	290	0.5	0.777778	0.222222	0	590.96	0.0	11434.9				
az-flashattn-wmma-dh-gate	alpha-zero	code	codebase	medium	single-primary	held-out	claude	0022-wave7-caveat	w6-rrk-qwen4b+score-4k	w6-rrk-qwen4b+score-4k	combined	True	True	1.0	1.0	1.0	0.2	0.1	1.0	1.0	1.0	1.0	1.0	1.0	24	0.692308	0.307692	4000	13	0	400	1.0	1.0	0.0	0	590.96	0.0	21435.4				
az-flashattn-wmma-dh-gate	alpha-zero	code	codebase	medium	single-primary	held-out	claude	0022-wave7-caveat	w6-rrk-qwen4b+source-4k	w6-rrk-qwen4b+source-4k	combined	True	True	1.0	1.0	1.0	0.2	0.1	1.0	1.0	1.0	1.0	1.0	1.0	24	0.5	0.5	3953	12	0	105	0.0	0.333333	0.666667	0	590.96	0.0	3993.9				
az-flashattn-wmma-dh-gate	alpha-zero	code	codebase	medium	single-primary	held-out	claude	0022-wave7-caveat	w6-rrk-qwen4b+parent-4k	w6-rrk-qwen4b+parent-4k	combined	True	True	1.0	1.0	1.0	0.2	0.1	1.0	1.0	1.0	1.0	1.0	1.0	24	0.692308	0.307692	4000	13	0	73	0.0	1.0	0.0	0	590.96	0.0	2028.8				
az-cmake-game-swap-fetchcontent	alpha-zero	code	codebase	easy	single-primary	held-out	claude	0022-wave7-caveat	w6-rrk-qwen4b+score-raw20	w6-rrk-qwen4b+score-raw20	combined	True	True	1.0	1.0	1.0	0.2	0.1	0.5	0.333333	0.333333	1.0	1.0	1.0	40	0.25	0.75	8084	20	0	65	1.0	0.5	0.5	0	642.92	0.0	3052.8				
az-cmake-game-swap-fetchcontent	alpha-zero	code	codebase	easy	single-primary	held-out	claude	0022-wave7-caveat	w6-rrk-qwen4b+score-4k	w6-rrk-qwen4b+score-4k	combined	True	True	1.0	1.0	1.0	0.2	0.1	0.5	0.333333	0.333333	1.0	1.0	1.0	40	0.25	0.75	3961	12	0	37	1.0	0.5	0.5	0	642.92	0.0	2357.9				
az-cmake-game-swap-fetchcontent	alpha-zero	code	codebase	easy	single-primary	held-out	claude	0022-wave7-caveat	w6-rrk-qwen4b+source-4k	w6-rrk-qwen4b+source-4k	combined	True	True	1.0	1.0	1.0	0.2	0.1	0.5	0.333333	0.333333	1.0	1.0	1.0	40	0.363636	0.636364	3921	11	0	58	1.0	0.5	0.5	0	642.92	0.0	2893.8				
az-cmake-game-swap-fetchcontent	alpha-zero	code	codebase	easy	single-primary	held-out	claude	0022-wave7-caveat	w6-rrk-qwen4b+parent-4k	w6-rrk-qwen4b+parent-4k	combined	True	True	1.0	1.0	1.0	0.2	0.1	0.5	0.333333	0.333333	1.0	1.0	1.0	40	0.25	0.75	3961	12	0	71	1.0	0.333333	0.666667	0	642.92	0.0	3079.0				
az-cublaslt-tf32-fp8-entrypoints	alpha-zero	code	codebase	medium	single-primary	held-out	claude	0022-wave7-caveat	w6-rrk-qwen4b+score-raw20	w6-rrk-qwen4b+score-raw20	combined	True	True	1.0	1.0	1.0	0.2	0.1	1.0	1.0	1.0	1.0	1.0	1.0	23	0.8	0.2	5163	20	0	101	1.0	1.0	0.0	0	578.48	0.0	5256.2				
az-cublaslt-tf32-fp8-entrypoints	alpha-zero	code	codebase	medium	single-primary	held-out	claude	0022-wave7-caveat	w6-rrk-qwen4b+score-4k	w6-rrk-qwen4b+score-4k	combined	True	True	1.0	1.0	1.0	0.2	0.1	1.0	1.0	1.0	1.0	1.0	1.0	23	0.733333	0.266667	3996	15	0	72	0.5	1.0	0.0	0	578.48	0.0	3317.1				
az-cublaslt-tf32-fp8-entrypoints	alpha-zero	code	codebase	medium	single-primary	held-out	claude	0022-wave7-caveat	w6-rrk-qwen4b+source-4k	w6-rrk-qwen4b+source-4k	combined	True	True	1.0	1.0	1.0	0.2	0.1	1.0	1.0	1.0	1.0	1.0	1.0	23	0.714286	0.285714	3998	14	0	89	0.5	1.0	0.0	0	578.48	0.0	5057.3				
az-cublaslt-tf32-fp8-entrypoints	alpha-zero	code	codebase	medium	single-primary	held-out	claude	0022-wave7-caveat	w6-rrk-qwen4b+parent-4k	w6-rrk-qwen4b+parent-4k	combined	True	True	1.0	1.0	1.0	0.2	0.1	1.0	1.0	1.0	1.0	1.0	1.0	23	0.823529	0.176471	3835	17	0	67	0.5	1.0	0.0	0	578.48	0.0	4712.2				
az-transformer-model-parallel-split	alpha-zero	nl	design-doc	hard	single-primary	held-out	claude	0022-wave7-caveat	w6-rrk-qwen4b+score-raw20	w6-rrk-qwen4b+score-raw20	combined	True	True	1.0	1.0	1.0	0.2	0.1	1.0	1.0	1.0	1.0	1.0	1.0	35	0.6	0.4	6879	20	0	90	0.666667	0.75	0.25	0	631.09	0.0	6066.2				
az-transformer-model-parallel-split	alpha-zero	nl	design-doc	hard	single-primary	held-out	claude	0022-wave7-caveat	w6-rrk-qwen4b+score-4k	w6-rrk-qwen4b+score-4k	combined	True	True	1.0	1.0	1.0	0.2	0.1	1.0	1.0	1.0	1.0	1.0	1.0	35	0.545455	0.454545	3991	11	0	93	0.666667	0.5	0.5	0	631.09	0.0	6906.0				
az-transformer-model-parallel-split	alpha-zero	nl	design-doc	hard	single-primary	held-out	claude	0022-wave7-caveat	w6-rrk-qwen4b+source-4k	w6-rrk-qwen4b+source-4k	combined	True	True	1.0	1.0	1.0	0.2	0.1	1.0	1.0	1.0	1.0	1.0	1.0	35	0.222222	0.777778	3991	9	0	73	0.666667	0.5	0.5	0	631.09	0.0	5553.9				
az-transformer-model-parallel-split	alpha-zero	nl	design-doc	hard	single-primary	held-out	claude	0022-wave7-caveat	w6-rrk-qwen4b+parent-4k	w6-rrk-qwen4b+parent-4k	combined	True	True	1.0	1.0	1.0	0.2	0.1	1.0	1.0	1.0	1.0	1.0	1.0	35	0.545455	0.454545	3991	11	0	130	1.0	0.833333	0.166667	0	631.09	0.0	7564.9				
az-inference-seq195-flash-recovery	alpha-zero	nl	design-doc	hard	single-primary	held-out	claude	0022-wave7-caveat	w6-rrk-qwen4b+score-raw20	w6-rrk-qwen4b+score-raw20	combined	True	True	1.0	1.0	1.0	0.2	0.1	1.0	1.0	1.0	1.0	1.0	1.0	36	0.1	0.9	8266	20	0	42	0.0	1.0	0.0	0	729.17	0.0	2941.2				
az-inference-seq195-flash-recovery	alpha-zero	nl	design-doc	hard	single-primary	held-out	claude	0022-wave7-caveat	w6-rrk-qwen4b+score-4k	w6-rrk-qwen4b+score-4k	combined	True	True	1.0	1.0	1.0	0.2	0.1	1.0	1.0	1.0	1.0	1.0	1.0	36	0.0	1.0	3894	10	0	51	0.0	1.0	0.0	0	729.17	0.0	2757.8				
az-inference-seq195-flash-recovery	alpha-zero	nl	design-doc	hard	single-primary	held-out	claude	0022-wave7-caveat	w6-rrk-qwen4b+source-4k	w6-rrk-qwen4b+source-4k	combined	True	True	1.0	1.0	1.0	0.2	0.1	1.0	1.0	1.0	1.0	1.0	1.0	36	0.0	1.0	3936	8	1	10	0.0	0.0	1.0	0	729.17	0.0	579.9				
az-inference-seq195-flash-recovery	alpha-zero	nl	design-doc	hard	single-primary	held-out	claude	0022-wave7-caveat	w6-rrk-qwen4b+parent-4k	w6-rrk-qwen4b+parent-4k	combined	True	True	1.0	1.0	1.0	0.2	0.1	1.0	1.0	1.0	1.0	1.0	1.0	36	0.0	1.0	3935	10	0	43	0.0	1.0	0.0	0	729.17	0.0	2882.0				
az-gui-serve-version-dispatch-cache	alpha-zero	nl	design-doc	medium	single-primary	held-out	claude	0022-wave7-caveat	w6-rrk-qwen4b+score-raw20	w6-rrk-qwen4b+score-raw20	combined	True	True	1.0	1.0	1.0	0.2	0.1	1.0	1.0	1.0	1.0	1.0	1.0	49	0.15	0.85	9836	20	0	92	0.5	1.0	0.0	0	703.57	0.0	4455.0				
az-gui-serve-version-dispatch-cache	alpha-zero	nl	design-doc	medium	single-primary	held-out	claude	0022-wave7-caveat	w6-rrk-qwen4b+score-4k	w6-rrk-qwen4b+score-4k	combined	True	True	1.0	1.0	1.0	0.2	0.1	1.0	1.0	1.0	1.0	1.0	1.0	49	0.222222	0.777778	3991	9	0	96	0.5	1.0	0.0	0	703.57	0.0	4990.0				
az-gui-serve-version-dispatch-cache	alpha-zero	nl	design-doc	medium	single-primary	held-out	claude	0022-wave7-caveat	w6-rrk-qwen4b+source-4k	w6-rrk-qwen4b+source-4k	combined	True	True	1.0	1.0	1.0	0.2	0.1	1.0	1.0	1.0	1.0	1.0	1.0	49	0.0	1.0	3947	7	0	88	0.5	1.0	0.0	0	703.57	0.0	4227.8				
az-gui-serve-version-dispatch-cache	alpha-zero	nl	design-doc	medium	single-primary	held-out	claude	0022-wave7-caveat	w6-rrk-qwen4b+parent-4k	w6-rrk-qwen4b+parent-4k	combined	True	True	1.0	1.0	1.0	0.2	0.1	1.0	1.0	1.0	1.0	1.0	1.0	49	0.222222	0.777778	3991	9	0	94	0.5	1.0	0.0	0	703.57	0.0	5163.8				
az-cx-game-swap-checklist	alpha-zero	nl	design-doc	medium	single-primary	held-out	codex	0022-wave7-caveat	w6-rrk-qwen4b+score-raw20	w6-rrk-qwen4b+score-raw20	combined	True	True	1.0	1.0	1.0	0.2	0.1	1.0	1.0	1.0	1.0	1.0	1.0	41	0.15	0.85	8109	20	0	80	0.333333	1.0	0.0	0	704.16	0.0	3774.0				
az-cx-game-swap-checklist	alpha-zero	nl	design-doc	medium	single-primary	held-out	codex	0022-wave7-caveat	w6-rrk-qwen4b+score-4k	w6-rrk-qwen4b+score-4k	combined	True	True	1.0	1.0	1.0	0.2	0.1	1.0	1.0	1.0	1.0	1.0	1.0	41	0.1	0.9	3945	10	0	80	0.333333	1.0	0.0	0	704.16	0.0	3382.1				
az-cx-game-swap-checklist	alpha-zero	nl	design-doc	medium	single-primary	held-out	codex	0022-wave7-caveat	w6-rrk-qwen4b+source-4k	w6-rrk-qwen4b+source-4k	combined	True	True	1.0	1.0	1.0	0.2	0.1	1.0	1.0	1.0	1.0	1.0	1.0	41	0.083333	0.916667	3996	12	0	79	0.0	0.666667	0.333333	0	704.16	0.0	4191.9				
az-cx-game-swap-checklist	alpha-zero	nl	design-doc	medium	single-primary	held-out	codex	0022-wave7-caveat	w6-rrk-qwen4b+parent-4k	w6-rrk-qwen4b+parent-4k	combined	True	True	1.0	1.0	1.0	0.2	0.1	1.0	1.0	1.0	1.0	1.0	1.0	41	0.1	0.9	3945	10	0	80	0.333333	1.0	0.0	0	704.16	0.0	4597.9				
az-cx-storage-root-dir-gui-layout	alpha-zero	code	codebase	medium	multi-primary	held-out	codex	0022-wave7-caveat	w6-rrk-qwen4b+score-raw20	w6-rrk-qwen4b+score-raw20	combined	True	True	0.5	1.0	1.0	0.2	0.2	0.468451	0.25	0.25	1.0	1.0	1.0	44	0.6	0.4	7893	20	0	135	1.0	0.666667	0.333333	0	664.49	0.0	8155.0				
az-cx-storage-root-dir-gui-layout	alpha-zero	code	codebase	medium	multi-primary	held-out	codex	0022-wave7-caveat	w6-rrk-qwen4b+score-4k	w6-rrk-qwen4b+score-4k	combined	True	True	0.5	1.0	1.0	0.2	0.2	0.468451	0.25	0.25	1.0	1.0	1.0	44	0.5	0.5	3855	8	0	130	1.0	1.0	0.0	0	664.49	0.0	5392.0				
az-cx-storage-root-dir-gui-layout	alpha-zero	code	codebase	medium	multi-primary	held-out	codex	0022-wave7-caveat	w6-rrk-qwen4b+source-4k	w6-rrk-qwen4b+source-4k	combined	True	True	0.5	1.0	1.0	0.2	0.2	0.468451	0.25	0.25	1.0	1.0	1.0	44	0.142857	0.857143	3869	7	0	167	0.666667	1.0	0.0	0	664.49	0.0	7955.8				
az-cx-storage-root-dir-gui-layout	alpha-zero	code	codebase	medium	multi-primary	held-out	codex	0022-wave7-caveat	w6-rrk-qwen4b+parent-4k	w6-rrk-qwen4b+parent-4k	combined	True	True	0.5	1.0	1.0	0.2	0.2	0.468451	0.25	0.25	1.0	1.0	1.0	44	0.5	0.5	3855	8	0	131	1.0	1.0	0.0	0	664.49	0.0	5407.9				
az-cx-replay-checkpoint-v5-doc-drift	alpha-zero	code	codebase	medium	multi-primary	held-out	codex	0022-wave7-caveat	w6-rrk-qwen4b+score-raw20	w6-rrk-qwen4b+score-raw20	combined	True	True	0.666667	1.0	1.0	0.4	0.3	0.66535	0.5	0.5	1.0	1.0	1.0	40	0.45	0.55	6520	20	0	132	0.333333	0.5	0.5	0	612.33	0.0	5376.6				
az-cx-replay-checkpoint-v5-doc-drift	alpha-zero	code	codebase	medium	multi-primary	held-out	codex	0022-wave7-caveat	w6-rrk-qwen4b+score-4k	w6-rrk-qwen4b+score-4k	combined	True	True	0.666667	1.0	1.0	0.4	0.3	0.66535	0.5	0.5	1.0	1.0	1.0	40	0.416667	0.583333	3969	12	0	83	0.333333	0.5	0.5	0	612.33	0.0	2908.9				
az-cx-replay-checkpoint-v5-doc-drift	alpha-zero	code	codebase	medium	multi-primary	held-out	codex	0022-wave7-caveat	w6-rrk-qwen4b+source-4k	w6-rrk-qwen4b+source-4k	combined	True	True	0.666667	1.0	1.0	0.4	0.3	0.66535	0.5	0.5	1.0	1.0	1.0	40	0.090909	0.909091	3915	11	0	163	0.0	1.0	0.0	0	612.33	0.0	6674.0				
az-cx-replay-checkpoint-v5-doc-drift	alpha-zero	code	codebase	medium	multi-primary	held-out	codex	0022-wave7-caveat	w6-rrk-qwen4b+parent-4k	w6-rrk-qwen4b+parent-4k	combined	True	True	0.666667	1.0	1.0	0.4	0.3	0.66535	0.5	0.5	1.0	1.0	1.0	40	0.454545	0.545455	3908	11	0	81	0.333333	0.666667	0.333333	0	612.33	0.0	3139.0				
az-cx-fp8-policy-head-stays-fp16	alpha-zero	nl	design-doc	medium	multi-primary	held-out	codex	0022-wave7-caveat	w6-rrk-qwen4b+score-raw20	w6-rrk-qwen4b+score-raw20	combined	True	True	0.5	0.5	0.5	0.2	0.1	0.306574	0.333333	0.333333	0.5	1.0	1.0	36	0.25	0.75	7777	20	0	79	0.5	0.5	0.5	0	710.61	0.0	4948.1				
az-cx-fp8-policy-head-stays-fp16	alpha-zero	nl	design-doc	medium	multi-primary	held-out	codex	0022-wave7-caveat	w6-rrk-qwen4b+score-4k	w6-rrk-qwen4b+score-4k	combined	True	True	0.5	0.5	0.5	0.2	0.1	0.306574	0.333333	0.333333	0.5	1.0	1.0	36	0.272727	0.727273	3896	11	0	261	0.5	0.857143	0.142857	0	710.61	0.0	13112.5				
az-cx-fp8-policy-head-stays-fp16	alpha-zero	nl	design-doc	medium	multi-primary	held-out	codex	0022-wave7-caveat	w6-rrk-qwen4b+source-4k	w6-rrk-qwen4b+source-4k	combined	True	True	0.5	0.5	0.5	0.2	0.1	0.306574	0.333333	0.333333	0.5	1.0	1.0	36	0.0	1.0	3966	9	0	198	0.5	0.833333	0.166667	0	710.61	0.0	9236.8				
az-cx-fp8-policy-head-stays-fp16	alpha-zero	nl	design-doc	medium	multi-primary	held-out	codex	0022-wave7-caveat	w6-rrk-qwen4b+parent-4k	w6-rrk-qwen4b+parent-4k	combined	True	True	0.5	0.5	0.5	0.2	0.1	0.306574	0.333333	0.333333	0.5	1.0	1.0	36	0.363636	0.636364	3799	11	0	225	0.0	0.857143	0.142857	0	710.61	0.0	10621.0				
az-cx-mcts-value-perspective-convention	alpha-zero	nl	design-doc	medium	single-primary	held-out	codex	0022-wave7-caveat	w6-rrk-qwen4b+score-raw20	w6-rrk-qwen4b+score-raw20	combined	True	True	1.0	1.0	1.0	0.2	0.1	1.0	1.0	1.0	1.0	1.0	1.0	29	0.75	0.25	5510	20	0	85	0.666667	0.666667	0.333333	0	532.57	0.0	3786.9				
az-cx-mcts-value-perspective-convention	alpha-zero	nl	design-doc	medium	single-primary	held-out	codex	0022-wave7-caveat	w6-rrk-qwen4b+score-4k	w6-rrk-qwen4b+score-4k	combined	True	True	1.0	1.0	1.0	0.2	0.1	1.0	1.0	1.0	1.0	1.0	1.0	29	0.769231	0.230769	3845	13	0	85	0.666667	0.666667	0.333333	0	532.57	0.0	3569.9				
az-cx-mcts-value-perspective-convention	alpha-zero	nl	design-doc	medium	single-primary	held-out	codex	0022-wave7-caveat	w6-rrk-qwen4b+source-4k	w6-rrk-qwen4b+source-4k	combined	True	True	1.0	1.0	1.0	0.2	0.1	1.0	1.0	1.0	1.0	1.0	1.0	29	0.642857	0.357143	3983	14	0	68	0.666667	0.5	0.5	0	532.57	0.0	2532.0				
az-cx-mcts-value-perspective-convention	alpha-zero	nl	design-doc	medium	single-primary	held-out	codex	0022-wave7-caveat	w6-rrk-qwen4b+parent-4k	w6-rrk-qwen4b+parent-4k	combined	True	True	1.0	1.0	1.0	0.2	0.1	1.0	1.0	1.0	1.0	1.0	1.0	29	0.769231	0.230769	3845	13	0	85	0.666667	0.666667	0.333333	0	532.57	0.0	3241.1				
az-cx-reanalyze-row-field-preservation	alpha-zero	code	codebase	hard	multi-primary	held-out	codex	0022-wave7-caveat	w6-rrk-qwen4b+score-raw20	w6-rrk-qwen4b+score-raw20	combined	True	True	1.0	1.0	1.0	0.4	0.2	0.693426	0.5	0.5	1.0	1.0	1.0	27	0.8	0.2	6637	20	0	89	0.333333	0.666667	0.333333	0	582.72	0.0	3690.0				
az-cx-reanalyze-row-field-preservation	alpha-zero	code	codebase	hard	multi-primary	held-out	codex	0022-wave7-caveat	w6-rrk-qwen4b+score-4k	w6-rrk-qwen4b+score-4k	combined	True	True	1.0	1.0	1.0	0.4	0.2	0.693426	0.5	0.5	1.0	1.0	1.0	27	0.818182	0.181818	3965	11	0	87	0.333333	0.5	0.5	0	582.72	0.0	3497.9				
az-cx-reanalyze-row-field-preservation	alpha-zero	code	codebase	hard	multi-primary	held-out	codex	0022-wave7-caveat	w6-rrk-qwen4b+source-4k	w6-rrk-qwen4b+source-4k	combined	True	True	1.0	1.0	1.0	0.4	0.2	0.693426	0.5	0.5	1.0	1.0	1.0	27	0.833333	0.166667	3993	12	0	115	0.333333	0.5	0.5	0	582.72	0.0	4829.9				
az-cx-reanalyze-row-field-preservation	alpha-zero	code	codebase	hard	multi-primary	held-out	codex	0022-wave7-caveat	w6-rrk-qwen4b+parent-4k	w6-rrk-qwen4b+parent-4k	combined	True	True	1.0	1.0	1.0	0.4	0.2	0.693426	0.5	0.5	1.0	1.0	1.0	27	0.857143	0.142857	3972	14	0	78	0.333333	1.0	0.0	0	582.72	0.0	3047.9				
az-cx-serve-model-cache-sha-keying	alpha-zero	code	codebase	medium	single-primary	held-out	codex	0022-wave7-caveat	w6-rrk-qwen4b+score-raw20	w6-rrk-qwen4b+score-raw20	combined	True	True	1.0	1.0	1.0	0.2	0.1	0.63093	0.5	0.5	1.0	1.0	1.0	43	0.6	0.4	6661	20	0	116	0.333333	1.0	0.0	0	590.04	0.0	4405.0				
az-cx-serve-model-cache-sha-keying	alpha-zero	code	codebase	medium	single-primary	held-out	codex	0022-wave7-caveat	w6-rrk-qwen4b+score-4k	w6-rrk-qwen4b+score-4k	combined	True	True	1.0	1.0	1.0	0.2	0.1	0.63093	0.5	0.5	1.0	1.0	1.0	43	0.733333	0.266667	3863	15	0	107	0.333333	1.0	0.0	0	590.04	0.0	3905.0				
az-cx-serve-model-cache-sha-keying	alpha-zero	code	codebase	medium	single-primary	held-out	codex	0022-wave7-caveat	w6-rrk-qwen4b+source-4k	w6-rrk-qwen4b+source-4k	combined	True	True	1.0	1.0	1.0	0.2	0.1	0.63093	0.5	0.5	1.0	1.0	1.0	43	0.272727	0.727273	3982	11	0	124	0.333333	0.75	0.25	0	590.04	0.0	6584.1				
az-cx-serve-model-cache-sha-keying	alpha-zero	code	codebase	medium	single-primary	held-out	codex	0022-wave7-caveat	w6-rrk-qwen4b+parent-4k	w6-rrk-qwen4b+parent-4k	combined	True	True	1.0	1.0	1.0	0.2	0.1	0.63093	0.5	0.5	1.0	1.0	1.0	43	0.733333	0.266667	3863	15	0	105	0.333333	1.0	0.0	0	590.04	0.0	4938.0				
ttt-cx-training-augmenter-pi-permute-z-preserve	az-game-tic-tac-toe	nl	design-doc	hard	single-primary	held-out	codex	0022-wave7-caveat	w6-rrk-qwen4b+score-raw20	w6-rrk-qwen4b+score-raw20	combined	True	True	1.0	1.0	1.0	0.2	0.1	1.0	1.0	1.0	1.0	1.0	1.0	38	0.55	0.45	6208	20	0	73	0.5	0.666667	0.333333	0	555.45	0.0	2952.0				
ttt-cx-training-augmenter-pi-permute-z-preserve	az-game-tic-tac-toe	nl	design-doc	hard	single-primary	held-out	codex	0022-wave7-caveat	w6-rrk-qwen4b+score-4k	w6-rrk-qwen4b+score-4k	combined	True	True	1.0	1.0	1.0	0.2	0.1	1.0	1.0	1.0	1.0	1.0	1.0	38	0.583333	0.416667	3970	12	0	62	0.5	1.0	0.0	0	555.45	0.0	2399.1				
ttt-cx-training-augmenter-pi-permute-z-preserve	az-game-tic-tac-toe	nl	design-doc	hard	single-primary	held-out	codex	0022-wave7-caveat	w6-rrk-qwen4b+source-4k	w6-rrk-qwen4b+source-4k	combined	True	True	1.0	1.0	1.0	0.2	0.1	1.0	1.0	1.0	1.0	1.0	1.0	38	0.333333	0.666667	3900	12	0	63	0.5	0.666667	0.333333	0	555.45	0.0	4226.0				
ttt-cx-training-augmenter-pi-permute-z-preserve	az-game-tic-tac-toe	nl	design-doc	hard	single-primary	held-out	codex	0022-wave7-caveat	w6-rrk-qwen4b+parent-4k	w6-rrk-qwen4b+parent-4k	combined	True	True	1.0	1.0	1.0	0.2	0.1	1.0	1.0	1.0	1.0	1.0	1.0	38	0.583333	0.416667	3970	12	0	64	0.5	1.0	0.0	0	555.45	0.0	4757.0				
xq-doc-symmetry-only-mirror	az-game-xiang-qi	nl	design-doc	hard	multi-primary	held-out	claude	0022-wave7-caveat	w6-rrk-qwen4b+score-raw20	w6-rrk-qwen4b+score-raw20	combined	True	True	1.0	1.0	1.0	0.4	0.2	0.650921	0.5	0.5	1.0	1.0	1.0	42	0.7	0.3	4531	20	0	66	0.0	0.333333	0.666667	0	543.91	0.0	4304.0				
xq-doc-symmetry-only-mirror	az-game-xiang-qi	nl	design-doc	hard	multi-primary	held-out	claude	0022-wave7-caveat	w6-rrk-qwen4b+score-4k	w6-rrk-qwen4b+score-4k	combined	True	True	1.0	1.0	1.0	0.4	0.2	0.650921	0.5	0.5	1.0	1.0	1.0	42	0.666667	0.333333	3965	18	0	66	0.0	0.333333	0.666667	0	543.91	0.0	3939.5				
xq-doc-symmetry-only-mirror	az-game-xiang-qi	nl	design-doc	hard	multi-primary	held-out	claude	0022-wave7-caveat	w6-rrk-qwen4b+source-4k	w6-rrk-qwen4b+source-4k	combined	True	True	1.0	1.0	1.0	0.4	0.2	0.650921	0.5	0.5	1.0	1.0	1.0	42	0.666667	0.333333	3945	18	0	105	0.333333	0.5	0.5	0	543.91	0.0	6673.0				
xq-doc-symmetry-only-mirror	az-game-xiang-qi	nl	design-doc	hard	multi-primary	held-out	claude	0022-wave7-caveat	w6-rrk-qwen4b+parent-4k	w6-rrk-qwen4b+parent-4k	combined	True	True	1.0	1.0	1.0	0.4	0.2	0.650921	0.5	0.5	1.0	1.0	1.0	42	0.666667	0.333333	3965	18	0	66	0.0	0.333333	0.666667	0	543.91	0.0	4699.4				
cas-graphify-transcript-provenance-failure	coding-agent-skills	nl	session-prompting	medium	single-primary	held-out	claude	0022-wave7-caveat	w6-rrk-qwen4b+score-raw20	w6-rrk-qwen4b+score-raw20	combined	True	True	1.0	1.0	1.0	0.2	0.1	1.0	1.0	1.0	1.0	1.0	1.0	22	0.2	0.8	10440	20	0	95	0.5	0.5	0.5	14	734.84	0.0	5443.6				
cas-graphify-transcript-provenance-failure	coding-agent-skills	nl	session-prompting	medium	single-primary	held-out	claude	0022-wave7-caveat	w6-rrk-qwen4b+score-4k	w6-rrk-qwen4b+score-4k	combined	True	True	1.0	1.0	1.0	0.2	0.1	1.0	1.0	1.0	1.0	1.0	1.0	22	0.0	1.0	3889	6	0	96	0.5	0.5	0.5	14	734.84	0.0	5564.9				
cas-graphify-transcript-provenance-failure	coding-agent-skills	nl	session-prompting	medium	single-primary	held-out	claude	0022-wave7-caveat	w6-rrk-qwen4b+source-4k	w6-rrk-qwen4b+source-4k	combined	True	True	1.0	1.0	1.0	0.2	0.1	1.0	1.0	1.0	1.0	1.0	1.0	22	0.444444	0.555556	3837	9	0	52	0.0	0.5	0.5	14	734.84	0.0	3221.0				
cas-graphify-transcript-provenance-failure	coding-agent-skills	nl	session-prompting	medium	single-primary	held-out	claude	0022-wave7-caveat	w6-rrk-qwen4b+parent-4k	w6-rrk-qwen4b+parent-4k	combined	True	True	1.0	1.0	1.0	0.2	0.1	1.0	1.0	1.0	1.0	1.0	1.0	22	0.0	1.0	3889	6	0	96	0.5	0.5	0.5	14	734.84	0.0	5220.9				
cas-graphify-version-and-commit-pin	coding-agent-skills	nl	session-prompting	easy	single-primary	held-out	claude	0022-wave7-caveat	w6-rrk-qwen4b+score-raw20	w6-rrk-qwen4b+score-raw20	combined	True	True	1.0	1.0	1.0	0.2	0.1	1.0	1.0	1.0	1.0	1.0	1.0	47	0.5	0.5	10911	20	0	80	1.0	0.333333	0.666667	10	846.94	0.0	6318.8				
cas-graphify-version-and-commit-pin	coding-agent-skills	nl	session-prompting	easy	single-primary	held-out	claude	0022-wave7-caveat	w6-rrk-qwen4b+score-4k	w6-rrk-qwen4b+score-4k	combined	True	True	1.0	1.0	1.0	0.2	0.1	1.0	1.0	1.0	1.0	1.0	1.0	47	0.285714	0.714286	3962	7	0	80	1.0	0.333333	0.666667	10	846.94	0.0	6299.4				
cas-graphify-version-and-commit-pin	coding-agent-skills	nl	session-prompting	easy	single-primary	held-out	claude	0022-wave7-caveat	w6-rrk-qwen4b+source-4k	w6-rrk-qwen4b+source-4k	combined	True	True	1.0	1.0	1.0	0.2	0.1	1.0	1.0	1.0	1.0	1.0	1.0	47	0.25	0.75	3876	8	0	43	1.0	0.5	0.5	10	846.94	0.0	3661.0				
cas-graphify-version-and-commit-pin	coding-agent-skills	nl	session-prompting	easy	single-primary	held-out	claude	0022-wave7-caveat	w6-rrk-qwen4b+parent-4k	w6-rrk-qwen4b+parent-4k	combined	True	True	1.0	1.0	1.0	0.2	0.1	1.0	1.0	1.0	1.0	1.0	1.0	47	0.285714	0.714286	3962	7	0	80	1.0	0.333333	0.666667	10	846.94	0.0	6634.9				
cas-orphan-empty-head-abandon-revset	coding-agent-skills	nl	session-prompting	medium	single-primary	held-out	claude	0022-wave7-caveat	w6-rrk-qwen4b+score-raw20	w6-rrk-qwen4b+score-raw20	combined	True	True	1.0	1.0	1.0	0.2	0.1	0.63093	0.5	0.5	1.0	1.0	1.0	19	0.2	0.8	7605	20	0	79	1.0	0.0	1.0	1	626.24	0.0	5542.8				
cas-orphan-empty-head-abandon-revset	coding-agent-skills	nl	session-prompting	medium	single-primary	held-out	claude	0022-wave7-caveat	w6-rrk-qwen4b+score-4k	w6-rrk-qwen4b+score-4k	combined	True	True	1.0	1.0	1.0	0.2	0.1	0.63093	0.5	0.5	1.0	1.0	1.0	19	0.222222	0.777778	3875	9	0	77	1.0	1.0	0.0	1	626.24	0.0	4648.3				
cas-orphan-empty-head-abandon-revset	coding-agent-skills	nl	session-prompting	medium	single-primary	held-out	claude	0022-wave7-caveat	w6-rrk-qwen4b+source-4k	w6-rrk-qwen4b+source-4k	combined	True	True	1.0	1.0	1.0	0.2	0.1	0.63093	0.5	0.5	1.0	1.0	1.0	19	0.4	0.6	3896	10	0	52	0.5	1.0	0.0	1	626.24	0.0	2177.9				
cas-orphan-empty-head-abandon-revset	coding-agent-skills	nl	session-prompting	medium	single-primary	held-out	claude	0022-wave7-caveat	w6-rrk-qwen4b+parent-4k	w6-rrk-qwen4b+parent-4k	combined	True	True	1.0	1.0	1.0	0.2	0.1	0.63093	0.5	0.5	1.0	1.0	1.0	19	0.222222	0.777778	3875	9	0	77	1.0	1.0	0.0	1	626.24	0.0	4763.0				
cas-vcs-conflict-slowest-haiku-and-jj-proof	coding-agent-skills	nl	session-prompting	hard	single-primary	held-out	claude	0022-wave7-caveat	w6-rrk-qwen4b+score-raw20	w6-rrk-qwen4b+score-raw20	combined	True	True	1.0	1.0	1.0	0.2	0.1	0.5	0.333333	0.333333	1.0	1.0	1.0	27	0.15	0.85	7205	20	0	126	1.0	0.333333	0.666667	2	632.64	0.0	12219.9				
cas-vcs-conflict-slowest-haiku-and-jj-proof	coding-agent-skills	nl	session-prompting	hard	single-primary	held-out	claude	0022-wave7-caveat	w6-rrk-qwen4b+score-4k	w6-rrk-qwen4b+score-4k	combined	True	True	1.0	1.0	1.0	0.2	0.1	0.5	0.333333	0.333333	1.0	1.0	1.0	27	0.222222	0.777778	3881	9	0	76	1.0	0.666667	0.333333	2	632.64	0.0	4971.0				
cas-vcs-conflict-slowest-haiku-and-jj-proof	coding-agent-skills	nl	session-prompting	hard	single-primary	held-out	claude	0022-wave7-caveat	w6-rrk-qwen4b+source-4k	w6-rrk-qwen4b+source-4k	combined	True	True	1.0	1.0	1.0	0.2	0.1	0.5	0.333333	0.333333	1.0	1.0	1.0	27	0.230769	0.769231	4000	13	0	69	1.0	1.0	0.0	2	632.64	0.0	3911.9				
cas-vcs-conflict-slowest-haiku-and-jj-proof	coding-agent-skills	nl	session-prompting	hard	single-primary	held-out	claude	0022-wave7-caveat	w6-rrk-qwen4b+parent-4k	w6-rrk-qwen4b+parent-4k	combined	True	True	1.0	1.0	1.0	0.2	0.1	0.5	0.333333	0.333333	1.0	1.0	1.0	27	0.272727	0.727273	3966	11	0	76	1.0	0.666667	0.333333	2	632.64	0.0	4935.9				
cas-inception-naming-rationale-and-typescript	coding-agent-skills	nl	session-prompting	medium	single-primary	held-out	claude	0022-wave7-caveat	w6-rrk-qwen4b+score-raw20	w6-rrk-qwen4b+score-raw20	combined	True	True	1.0	1.0	1.0	0.2	0.1	0.5	0.333333	0.333333	1.0	1.0	1.0	42	0.3	0.7	9486	20	0	75	1.0	0.5	0.5	4	779.17	0.0	3816.8				
cas-inception-naming-rationale-and-typescript	coding-agent-skills	nl	session-prompting	medium	single-primary	held-out	claude	0022-wave7-caveat	w6-rrk-qwen4b+score-4k	w6-rrk-qwen4b+score-4k	combined	True	True	1.0	1.0	1.0	0.2	0.1	0.5	0.333333	0.333333	1.0	1.0	1.0	42	0.125	0.875	3985	8	0	75	1.0	0.5	0.5	4	779.17	0.0	3954.0				
cas-inception-naming-rationale-and-typescript	coding-agent-skills	nl	session-prompting	medium	single-primary	held-out	claude	0022-wave7-caveat	w6-rrk-qwen4b+source-4k	w6-rrk-qwen4b+source-4k	combined	True	True	1.0	1.0	1.0	0.2	0.1	0.5	0.333333	0.333333	1.0	1.0	1.0	42	0.666667	0.333333	3803	9	0	75	0.5	0.5	0.5	4	779.17	0.0	4492.0				
cas-inception-naming-rationale-and-typescript	coding-agent-skills	nl	session-prompting	medium	single-primary	held-out	claude	0022-wave7-caveat	w6-rrk-qwen4b+parent-4k	w6-rrk-qwen4b+parent-4k	combined	True	True	1.0	1.0	1.0	0.2	0.1	0.5	0.333333	0.333333	1.0	1.0	1.0	42	0.125	0.875	3985	8	0	76	1.0	0.5	0.5	4	779.17	0.0	4413.0				
cas-docs-rag-plan-coupling-and-closed-book	coding-agent-skills	nl	session-prompting	hard	single-primary	held-out	claude	0022-wave7-caveat	w6-rrk-qwen4b+score-raw20	w6-rrk-qwen4b+score-raw20	combined	True	True	1.0	1.0	1.0	0.2	0.1	1.0	1.0	1.0	1.0	1.0	1.0	33	0.0	1.0	10414	20	0	55	0.333333	0.333333	0.666667	5	757.27	0.0	3831.9				
cas-docs-rag-plan-coupling-and-closed-book	coding-agent-skills	nl	session-prompting	hard	single-primary	held-out	claude	0022-wave7-caveat	w6-rrk-qwen4b+score-4k	w6-rrk-qwen4b+score-4k	combined	True	True	1.0	1.0	1.0	0.2	0.1	1.0	1.0	1.0	1.0	1.0	1.0	33	0.0	1.0	3767	6	0	55	0.333333	0.333333	0.666667	5	757.27	0.0	3657.0				
cas-docs-rag-plan-coupling-and-closed-book	coding-agent-skills	nl	session-prompting	hard	single-primary	held-out	claude	0022-wave7-caveat	w6-rrk-qwen4b+source-4k	w6-rrk-qwen4b+source-4k	combined	True	True	1.0	1.0	1.0	0.2	0.1	1.0	1.0	1.0	1.0	1.0	1.0	33	0.0	1.0	3791	8	0	62	0.333333	1.0	0.0	5	757.27	0.0	5324.0				
cas-docs-rag-plan-coupling-and-closed-book	coding-agent-skills	nl	session-prompting	hard	single-primary	held-out	claude	0022-wave7-caveat	w6-rrk-qwen4b+parent-4k	w6-rrk-qwen4b+parent-4k	combined	True	True	1.0	1.0	1.0	0.2	0.1	1.0	1.0	1.0	1.0	1.0	1.0	33	0.0	1.0	3767	6	0	60	0.333333	1.0	0.0	5	757.27	0.0	3642.1				
cas-cx-docs-convention-dated-typed-path	coding-agent-skills	nl	session-prompting	medium	single-primary	held-out	codex	0022-wave7-caveat	w6-rrk-qwen4b+score-raw20	w6-rrk-qwen4b+score-raw20	combined	True	True	1.0	1.0	1.0	0.2	0.1	1.0	1.0	1.0	1.0	1.0	1.0	44	0.0	1.0	8028	20	0	46	0.5	0.333333	0.666667	3	703.41	0.0	4332.9				
cas-cx-docs-convention-dated-typed-path	coding-agent-skills	nl	session-prompting	medium	single-primary	held-out	codex	0022-wave7-caveat	w6-rrk-qwen4b+score-4k	w6-rrk-qwen4b+score-4k	combined	True	True	1.0	1.0	1.0	0.2	0.1	1.0	1.0	1.0	1.0	1.0	1.0	44	0.0	1.0	3926	9	0	85	1.0	1.0	0.0	3	703.41	0.0	5916.0				
cas-cx-docs-convention-dated-typed-path	coding-agent-skills	nl	session-prompting	medium	single-primary	held-out	codex	0022-wave7-caveat	w6-rrk-qwen4b+source-4k	w6-rrk-qwen4b+source-4k	combined	True	True	1.0	1.0	1.0	0.2	0.1	1.0	1.0	1.0	1.0	1.0	1.0	44	0.0	1.0	3974	11	0	44	0.5	0.5	0.5	3	703.41	0.0	4672.9				
cas-cx-docs-convention-dated-typed-path	coding-agent-skills	nl	session-prompting	medium	single-primary	held-out	codex	0022-wave7-caveat	w6-rrk-qwen4b+parent-4k	w6-rrk-qwen4b+parent-4k	combined	True	True	1.0	1.0	1.0	0.2	0.1	1.0	1.0	1.0	1.0	1.0	1.0	44	0.0	1.0	3926	9	0	75	1.0	1.0	0.0	3	703.41	0.0	5627.0				
cas-cx-graphify-benchmark-recommendation-keep-qdrant	coding-agent-skills	nl	session-prompting	medium	single-primary	held-out	codex	0022-wave7-caveat	w6-rrk-qwen4b+score-raw20	w6-rrk-qwen4b+score-raw20	combined	True	True	1.0	1.0	1.0	0.2	0.1	1.0	1.0	1.0	1.0	1.0	1.0	37	0.45	0.55	11081	20	0	96	0.5	0.666667	0.333333	15	888.33	0.0	5382.0				
cas-cx-graphify-benchmark-recommendation-keep-qdrant	coding-agent-skills	nl	session-prompting	medium	single-primary	held-out	codex	0022-wave7-caveat	w6-rrk-qwen4b+score-4k	w6-rrk-qwen4b+score-4k	combined	True	True	1.0	1.0	1.0	0.2	0.1	1.0	1.0	1.0	1.0	1.0	1.0	37	0.125	0.875	3946	8	0	103	0.0	0.666667	0.333333	15	888.33	0.0	6364.0				
cas-cx-graphify-benchmark-recommendation-keep-qdrant	coding-agent-skills	nl	session-prompting	medium	single-primary	held-out	codex	0022-wave7-caveat	w6-rrk-qwen4b+source-4k	w6-rrk-qwen4b+source-4k	combined	True	True	1.0	1.0	1.0	0.2	0.1	1.0	1.0	1.0	1.0	1.0	1.0	37	0.142857	0.857143	3845	7	0	109	0.5	0.666667	0.333333	15	888.33	0.0	5257.1				
cas-cx-graphify-benchmark-recommendation-keep-qdrant	coding-agent-skills	nl	session-prompting	medium	single-primary	held-out	codex	0022-wave7-caveat	w6-rrk-qwen4b+parent-4k	w6-rrk-qwen4b+parent-4k	combined	True	True	1.0	1.0	1.0	0.2	0.1	1.0	1.0	1.0	1.0	1.0	1.0	37	0.0	1.0	3873	8	0	100	0.0	0.666667	0.333333	15	888.33	0.0	4705.9				
cas-cx-vcs-boundary-session-metric-verification	coding-agent-skills	nl	session-prompting	medium	single-primary	held-out	codex	0022-wave7-caveat	w6-rrk-qwen4b+score-raw20	w6-rrk-qwen4b+score-raw20	combined	True	True	1.0	1.0	1.0	0.2	0.1	1.0	1.0	1.0	1.0	1.0	1.0	42	0.2	0.8	9625	20	0	59	0.666667	0.5	0.5	1	711.42	0.0	2829.9				
cas-cx-vcs-boundary-session-metric-verification	coding-agent-skills	nl	session-prompting	medium	single-primary	held-out	codex	0022-wave7-caveat	w6-rrk-qwen4b+score-4k	w6-rrk-qwen4b+score-4k	combined	True	True	1.0	1.0	1.0	0.2	0.1	1.0	1.0	1.0	1.0	1.0	1.0	42	0.25	0.75	3886	8	0	58	0.666667	0.5	0.5	1	711.42	0.0	4068.0				
cas-cx-vcs-boundary-session-metric-verification	coding-agent-skills	nl	session-prompting	medium	single-primary	held-out	codex	0022-wave7-caveat	w6-rrk-qwen4b+source-4k	w6-rrk-qwen4b+source-4k	combined	True	True	1.0	1.0	1.0	0.2	0.1	1.0	1.0	1.0	1.0	1.0	1.0	42	0.571429	0.428571	3888	7	0	66	0.666667	0.5	0.5	1	711.42	0.0	5461.0				
cas-cx-vcs-boundary-session-metric-verification	coding-agent-skills	nl	session-prompting	medium	single-primary	held-out	codex	0022-wave7-caveat	w6-rrk-qwen4b+parent-4k	w6-rrk-qwen4b+parent-4k	combined	True	True	1.0	1.0	1.0	0.2	0.1	1.0	1.0	1.0	1.0	1.0	1.0	42	0.3	0.7	3982	10	0	57	0.666667	1.0	0.0	1	711.42	0.0	3779.9				
web-cookie-shortbread-prompt-edge-detail	website	nl	session-prompting	easy	single-primary	held-out	claude	0022-wave7-caveat	w6-rrk-qwen4b+score-raw20	w6-rrk-qwen4b+score-raw20	combined	True	True	1.0	1.0	1.0	0.2	0.1	1.0	1.0	1.0	1.0	1.0	1.0	38	0.1	0.9	8098	20	0	36	0.5	0.5	0.5	0	722.0	0.0	3128.9				
web-cookie-shortbread-prompt-edge-detail	website	nl	session-prompting	easy	single-primary	held-out	claude	0022-wave7-caveat	w6-rrk-qwen4b+score-4k	w6-rrk-qwen4b+score-4k	combined	True	True	1.0	1.0	1.0	0.2	0.1	1.0	1.0	1.0	1.0	1.0	1.0	38	0.2	0.8	3893	10	0	36	0.5	0.5	0.5	0	722.0	0.0	3093.9				
web-cookie-shortbread-prompt-edge-detail	website	nl	session-prompting	easy	single-primary	held-out	claude	0022-wave7-caveat	w6-rrk-qwen4b+source-4k	w6-rrk-qwen4b+source-4k	combined	True	True	1.0	1.0	1.0	0.2	0.1	1.0	1.0	1.0	1.0	1.0	1.0	38	0.0	1.0	3953	11	0	37	0.5	0.5	0.5	0	722.0	0.0	3499.3				
web-cookie-shortbread-prompt-edge-detail	website	nl	session-prompting	easy	single-primary	held-out	claude	0022-wave7-caveat	w6-rrk-qwen4b+parent-4k	w6-rrk-qwen4b+parent-4k	combined	True	True	1.0	1.0	1.0	0.2	0.1	1.0	1.0	1.0	1.0	1.0	1.0	38	0.2	0.8	3883	10	0	36	0.5	0.5	0.5	0	722.0	0.0	3435.3				
web-hero-artifact-fix-hard-negatives	website	nl	session-prompting	medium	single-primary	held-out	claude	0022-wave7-caveat	w6-rrk-qwen4b+score-raw20	w6-rrk-qwen4b+score-raw20	combined	True	True	1.0	1.0	1.0	0.2	0.1	1.0	1.0	1.0	1.0	1.0	1.0	35	0.05	0.95	8596	20	0	64	0.0	0.5	0.5	1	656.28	0.0	4861.8				
web-hero-artifact-fix-hard-negatives	website	nl	session-prompting	medium	single-primary	held-out	claude	0022-wave7-caveat	w6-rrk-qwen4b+score-4k	w6-rrk-qwen4b+score-4k	combined	True	True	1.0	1.0	1.0	0.2	0.1	1.0	1.0	1.0	1.0	1.0	1.0	35	0.1	0.9	3933	10	0	51	0.0	0.5	0.5	1	656.28	0.0	3288.9				
web-hero-artifact-fix-hard-negatives	website	nl	session-prompting	medium	single-primary	held-out	claude	0022-wave7-caveat	w6-rrk-qwen4b+source-4k	w6-rrk-qwen4b+source-4k	combined	True	True	1.0	1.0	1.0	0.2	0.1	1.0	1.0	1.0	1.0	1.0	1.0	35	0.111111	0.888889	3883	9	1	10	0.0	0.0	1.0	1	656.28	0.0	2293.0				
web-hero-artifact-fix-hard-negatives	website	nl	session-prompting	medium	single-primary	held-out	claude	0022-wave7-caveat	w6-rrk-qwen4b+parent-4k	w6-rrk-qwen4b+parent-4k	combined	True	True	1.0	1.0	1.0	0.2	0.1	1.0	1.0	1.0	1.0	1.0	1.0	35	0.1	0.9	3933	10	0	61	0.0	0.5	0.5	1	656.28	0.0	5594.0				
web-gemma-e4b-neuron-budget	website	nl	session-prompting	easy	single-primary	held-out	claude	0022-wave7-caveat	w6-rrk-qwen4b+score-raw20	w6-rrk-qwen4b+score-raw20	combined	True	True	1.0	1.0	1.0	0.2	0.1	1.0	1.0	1.0	1.0	1.0	1.0	53	0.05	0.95	9045	20	0	19	0.5	0.5	0.5	0	664.52	0.0	3230.1				
web-gemma-e4b-neuron-budget	website	nl	session-prompting	easy	single-primary	held-out	claude	0022-wave7-caveat	w6-rrk-qwen4b+score-4k	w6-rrk-qwen4b+score-4k	combined	True	True	1.0	1.0	1.0	0.2	0.1	1.0	1.0	1.0	1.0	1.0	1.0	53	0.0	1.0	3969	7	0	19	0.5	0.5	0.5	0	664.52	0.0	2691.9				
web-gemma-e4b-neuron-budget	website	nl	session-prompting	easy	single-primary	held-out	claude	0022-wave7-caveat	w6-rrk-qwen4b+source-4k	w6-rrk-qwen4b+source-4k	combined	True	True	1.0	1.0	1.0	0.2	0.1	1.0	1.0	1.0	1.0	1.0	1.0	53	0.0	1.0	3857	13	0	26	0.5	0.5	0.5	0	664.52	0.0	2754.0				
web-gemma-e4b-neuron-budget	website	nl	session-prompting	easy	single-primary	held-out	claude	0022-wave7-caveat	w6-rrk-qwen4b+parent-4k	w6-rrk-qwen4b+parent-4k	combined	True	True	1.0	1.0	1.0	0.2	0.1	1.0	1.0	1.0	1.0	1.0	1.0	53	0.0	1.0	3945	7	0	19	0.5	0.5	0.5	0	664.52	0.0	2689.7				
web-idle-nudge-pointing-timers	website	nl	session-prompting	medium	single-primary	held-out	claude	0022-wave7-caveat	w6-rrk-qwen4b+score-raw20	w6-rrk-qwen4b+score-raw20	combined	True	True	1.0	1.0	1.0	0.2	0.1	0.5	0.333333	0.333333	1.0	1.0	1.0	26	0.15	0.85	5641	20	0	22	0.0	0.5	0.5	0	621.14	0.0	3344.8				
web-idle-nudge-pointing-timers	website	nl	session-prompting	medium	single-primary	held-out	claude	0022-wave7-caveat	w6-rrk-qwen4b+score-4k	w6-rrk-qwen4b+score-4k	combined	True	True	1.0	1.0	1.0	0.2	0.1	0.5	0.333333	0.333333	1.0	1.0	1.0	26	0.2	0.8	3987	15	0	22	0.0	0.5	0.5	0	621.14	0.0	3050.9				
web-idle-nudge-pointing-timers	website	nl	session-prompting	medium	single-primary	held-out	claude	0022-wave7-caveat	w6-rrk-qwen4b+source-4k	w6-rrk-qwen4b+source-4k	combined	True	True	1.0	1.0	1.0	0.2	0.1	0.5	0.333333	0.333333	1.0	1.0	1.0	26	0.125	0.875	3993	16	0	38	0.0	0.5	0.5	0	621.14	0.0	4211.0				
web-idle-nudge-pointing-timers	website	nl	session-prompting	medium	single-primary	held-out	claude	0022-wave7-caveat	w6-rrk-qwen4b+parent-4k	w6-rrk-qwen4b+parent-4k	combined	True	True	1.0	1.0	1.0	0.2	0.1	0.5	0.333333	0.333333	1.0	1.0	1.0	26	0.2	0.8	3987	15	0	22	0.0	0.5	0.5	0	621.14	0.0	3801.1				
web-hidpi-canvas-scale-fix	website	nl	session-prompting	hard	single-primary	held-out	claude	0022-wave7-caveat	w6-rrk-qwen4b+score-raw20	w6-rrk-qwen4b+score-raw20	combined	True	True	1.0	1.0	1.0	0.2	0.1	0.63093	0.5	0.5	1.0	1.0	1.0	38	0.25	0.75	5566	20	0	52	1.0	1.0	0.0	2	604.73	0.0	5087.9				
web-hidpi-canvas-scale-fix	website	nl	session-prompting	hard	single-primary	held-out	claude	0022-wave7-caveat	w6-rrk-qwen4b+score-4k	w6-rrk-qwen4b+score-4k	combined	True	True	1.0	1.0	1.0	0.2	0.1	0.63093	0.5	0.5	1.0	1.0	1.0	38	0.285714	0.714286	3942	14	0	53	1.0	1.0	0.0	2	604.73	0.0	5781.9				
web-hidpi-canvas-scale-fix	website	nl	session-prompting	hard	single-primary	held-out	claude	0022-wave7-caveat	w6-rrk-qwen4b+source-4k	w6-rrk-qwen4b+source-4k	combined	True	True	1.0	1.0	1.0	0.2	0.1	0.63093	0.5	0.5	1.0	1.0	1.0	38	0.071429	0.928571	3900	14	0	72	1.0	1.0	0.0	2	604.73	0.0	7113.8				
web-hidpi-canvas-scale-fix	website	nl	session-prompting	hard	single-primary	held-out	claude	0022-wave7-caveat	w6-rrk-qwen4b+parent-4k	w6-rrk-qwen4b+parent-4k	combined	True	True	1.0	1.0	1.0	0.2	0.1	0.63093	0.5	0.5	1.0	1.0	1.0	38	0.285714	0.714286	3942	14	0	55	1.0	1.0	0.0	2	604.73	0.0	5643.9				
web-github-mirror-r2-sync-counts	website	nl	session-prompting	medium	single-primary	held-out	claude	0022-wave7-caveat	w6-rrk-qwen4b+score-raw20	w6-rrk-qwen4b+score-raw20	combined	True	True	1.0	1.0	1.0	0.2	0.1	1.0	1.0	1.0	1.0	1.0	1.0	33	0.25	0.75	8204	20	0	38	0.0	0.5	0.5	0	609.5	0.0	2588.4				
web-github-mirror-r2-sync-counts	website	nl	session-prompting	medium	single-primary	held-out	claude	0022-wave7-caveat	w6-rrk-qwen4b+score-4k	w6-rrk-qwen4b+score-4k	combined	True	True	1.0	1.0	1.0	0.2	0.1	1.0	1.0	1.0	1.0	1.0	1.0	33	0.111111	0.888889	3819	9	0	38	0.0	0.5	0.5	0	609.5	0.0	2554.0				
web-github-mirror-r2-sync-counts	website	nl	session-prompting	medium	single-primary	held-out	claude	0022-wave7-caveat	w6-rrk-qwen4b+source-4k	w6-rrk-qwen4b+source-4k	combined	True	True	1.0	1.0	1.0	0.2	0.1	1.0	1.0	1.0	1.0	1.0	1.0	33	0.0	1.0	3946	9	0	30	0.0	0.5	0.5	0	609.5	0.0	1195.0				
web-github-mirror-r2-sync-counts	website	nl	session-prompting	medium	single-primary	held-out	claude	0022-wave7-caveat	w6-rrk-qwen4b+parent-4k	w6-rrk-qwen4b+parent-4k	combined	True	True	1.0	1.0	1.0	0.2	0.1	1.0	1.0	1.0	1.0	1.0	1.0	33	0.125	0.875	3924	8	0	38	0.0	0.5	0.5	0	609.5	0.0	3250.9				
web-openai-shirt-thought-racer-winner	website	nl	session-prompting	medium	single-primary	held-out	claude	0022-wave7-caveat	w6-rrk-qwen4b+score-raw20	w6-rrk-qwen4b+score-raw20	combined	True	True	1.0	1.0	1.0	0.2	0.1	1.0	1.0	1.0	1.0	1.0	1.0	36	0.3	0.7	9733	20	0	75	0.5	1.0	0.0	1	692.81	0.0	5967.9				
web-openai-shirt-thought-racer-winner	website	nl	session-prompting	medium	single-primary	held-out	claude	0022-wave7-caveat	w6-rrk-qwen4b+score-4k	w6-rrk-qwen4b+score-4k	combined	True	True	1.0	1.0	1.0	0.2	0.1	1.0	1.0	1.0	1.0	1.0	1.0	36	0.125	0.875	3919	8	0	50	0.5	0.333333	0.666667	1	692.81	0.0	4067.6				
web-openai-shirt-thought-racer-winner	website	nl	session-prompting	medium	single-primary	held-out	claude	0022-wave7-caveat	w6-rrk-qwen4b+source-4k	w6-rrk-qwen4b+source-4k	combined	True	True	1.0	1.0	1.0	0.2	0.1	1.0	1.0	1.0	1.0	1.0	1.0	36	0.0	1.0	3838	8	0	67	0.5	1.0	0.0	1	692.81	0.0	4729.9				
web-openai-shirt-thought-racer-winner	website	nl	session-prompting	medium	single-primary	held-out	claude	0022-wave7-caveat	w6-rrk-qwen4b+parent-4k	w6-rrk-qwen4b+parent-4k	combined	True	True	1.0	1.0	1.0	0.2	0.1	1.0	1.0	1.0	1.0	1.0	1.0	36	0.125	0.875	3964	8	0	64	0.5	0.333333	0.666667	1	692.81	0.0	3922.9				
web-jj-workspace-vs-worktree-constraint	website	nl	session-prompting	medium	single-primary	held-out	claude	0022-wave7-caveat	w6-rrk-qwen4b+score-raw20	w6-rrk-qwen4b+score-raw20	combined	True	True	1.0	1.0	1.0	0.2	0.1	1.0	1.0	1.0	1.0	1.0	1.0	40	0.0	1.0	7022	20	0	62	1.0	0.666667	0.333333	1	603.04	0.0	3914.0				
web-jj-workspace-vs-worktree-constraint	website	nl	session-prompting	medium	single-primary	held-out	claude	0022-wave7-caveat	w6-rrk-qwen4b+score-4k	w6-rrk-qwen4b+score-4k	combined	True	True	1.0	1.0	1.0	0.2	0.1	1.0	1.0	1.0	1.0	1.0	1.0	40	0.0	1.0	3967	10	0	61	1.0	0.5	0.5	1	603.04	0.0	4407.8				
web-jj-workspace-vs-worktree-constraint	website	nl	session-prompting	medium	single-primary	held-out	claude	0022-wave7-caveat	w6-rrk-qwen4b+source-4k	w6-rrk-qwen4b+source-4k	combined	True	True	1.0	1.0	1.0	0.2	0.1	1.0	1.0	1.0	1.0	1.0	1.0	40	0.0	1.0	3982	13	0	64	1.0	0.5	0.5	1	603.04	0.0	4763.0				
web-jj-workspace-vs-worktree-constraint	website	nl	session-prompting	medium	single-primary	held-out	claude	0022-wave7-caveat	w6-rrk-qwen4b+parent-4k	w6-rrk-qwen4b+parent-4k	combined	True	True	1.0	1.0	1.0	0.2	0.1	1.0	1.0	1.0	1.0	1.0	1.0	40	0.0	1.0	3967	10	0	61	1.0	0.666667	0.333333	1	603.04	0.0	4338.1				
web-aisearch-setup-chunk-overlap-stemmer	website	nl	session-prompting	medium	single-primary	held-out	codex	0022-wave7-caveat	w6-rrk-qwen4b+score-raw20	w6-rrk-qwen4b+score-raw20	combined	True	True	1.0	1.0	1.0	0.2	0.1	0.63093	0.5	0.5	1.0	1.0	1.0	43	0.2	0.8	6889	20	0	16	0.666667	1.0	0.0	0	577.98	0.0	1882.0				
web-aisearch-setup-chunk-overlap-stemmer	website	nl	session-prompting	medium	single-primary	held-out	codex	0022-wave7-caveat	w6-rrk-qwen4b+score-4k	w6-rrk-qwen4b+score-4k	combined	True	True	1.0	1.0	1.0	0.2	0.1	0.63093	0.5	0.5	1.0	1.0	1.0	43	0.333333	0.666667	3972	12	0	39	0.666667	0.5	0.5	0	577.98	0.0	3071.9				
web-aisearch-setup-chunk-overlap-stemmer	website	nl	session-prompting	medium	single-primary	held-out	codex	0022-wave7-caveat	w6-rrk-qwen4b+source-4k	w6-rrk-qwen4b+source-4k	combined	True	True	1.0	1.0	1.0	0.2	0.1	0.63093	0.5	0.5	1.0	1.0	1.0	43	0.0	1.0	3876	11	0	39	0.666667	0.5	0.5	0	577.98	0.0	3005.9				
web-aisearch-setup-chunk-overlap-stemmer	website	nl	session-prompting	medium	single-primary	held-out	codex	0022-wave7-caveat	w6-rrk-qwen4b+parent-4k	w6-rrk-qwen4b+parent-4k	combined	True	True	1.0	1.0	1.0	0.2	0.1	0.63093	0.5	0.5	1.0	1.0	1.0	43	0.333333	0.666667	3972	12	0	36	0.333333	0.5	0.5	0	577.98	0.0	2393.9				
web-shirt-enter-submit-modifier-ime-guard	website	nl	session-prompting	medium	single-primary	held-out	codex	0022-wave7-caveat	w6-rrk-qwen4b+score-raw20	w6-rrk-qwen4b+score-raw20	combined	True	True	1.0	1.0	1.0	0.2	0.1	0.63093	0.5	0.5	1.0	1.0	1.0	64	0.2	0.8	7805	20	0	63	0.5	0.666667	0.333333	0	555.27	0.0	2396.0				
web-shirt-enter-submit-modifier-ime-guard	website	nl	session-prompting	medium	single-primary	held-out	codex	0022-wave7-caveat	w6-rrk-qwen4b+score-4k	w6-rrk-qwen4b+score-4k	combined	True	True	1.0	1.0	1.0	0.2	0.1	0.63093	0.5	0.5	1.0	1.0	1.0	64	0.222222	0.777778	3968	9	0	53	0.5	0.5	0.5	0	555.27	0.0	2184.0				
web-shirt-enter-submit-modifier-ime-guard	website	nl	session-prompting	medium	single-primary	held-out	codex	0022-wave7-caveat	w6-rrk-qwen4b+source-4k	w6-rrk-qwen4b+source-4k	combined	True	True	1.0	1.0	1.0	0.2	0.1	0.63093	0.5	0.5	1.0	1.0	1.0	64	0.0	1.0	3937	11	0	42	0.5	0.5	0.5	0	555.27	0.0	1216.2				
web-shirt-enter-submit-modifier-ime-guard	website	nl	session-prompting	medium	single-primary	held-out	codex	0022-wave7-caveat	w6-rrk-qwen4b+parent-4k	w6-rrk-qwen4b+parent-4k	combined	True	True	1.0	1.0	1.0	0.2	0.1	0.63093	0.5	0.5	1.0	1.0	1.0	64	0.111111	0.888889	3923	9	0	34	0.0	0.5	0.5	0	555.27	0.0	786.7				
