slice.query_id	slice.repo	slice.domain	slice.category	slice.difficulty	slice.multiplicity	slice.split	slice.source	arm.run_id	arm.config_id	arm.arm	arm.index_mode	arm.header	arm.reranked	ret.recall@5	ret.recall@20	ret.recall@100	ret.precision@5	ret.precision@10	ret.ndcg@10	ret.mrr	ret.primary_mrr	ret.primary_recall@20	ret.sentinel_cov	ret.answer_hit@5	ret.n_ranked	ret.frac_code_retrieved	ret.frac_md_retrieved	pack.context_tokens	pack.n_packed	gen.abstained	gen.answer_len	ver.sentinel_contained	ver.citation_support	ver.unsupported_rate	ver.contamination_hits	eff.retrieval_ms	eff.index_ms
cas-graphify-transcript-provenance-failure	coding-agent-skills	nl	session-prompting	medium	single-primary	held-out	claude	0012-wave2-ctx-header	w2-ctx-header	w2-ctx-header	combined	True	False	1.0	1.0	1.0	0.2	0.1	0.63093	0.5	0.5	1.0	1.0	1.0	22	0.1	0.9	8228	20						12	49.39	174853.2
cas-graphify-version-and-commit-pin	coding-agent-skills	nl	session-prompting	easy	single-primary	held-out	claude	0012-wave2-ctx-header	w2-ctx-header	w2-ctx-header	combined	True	False	1.0	1.0	1.0	0.2	0.1	1.0	1.0	1.0	1.0	1.0	1.0	45	0.0	1.0	8921	20						9	42.36	174853.2
cas-orphan-empty-head-abandon-revset	coding-agent-skills	nl	session-prompting	medium	single-primary	held-out	claude	0012-wave2-ctx-header	w2-ctx-header	w2-ctx-header	combined	True	False	1.0	1.0	1.0	0.2	0.1	0.63093	0.5	0.5	1.0	1.0	1.0	27	0.1	0.9	7110	20						2	50.1	174853.2
cas-vcs-conflict-slowest-haiku-and-jj-proof	coding-agent-skills	nl	session-prompting	hard	single-primary	held-out	claude	0012-wave2-ctx-header	w2-ctx-header	w2-ctx-header	combined	True	False	1.0	1.0	1.0	0.2	0.1	1.0	1.0	1.0	1.0	1.0	1.0	35	0.05	0.95	6722	20						4	49.95	174853.2
cas-inception-naming-rationale-and-typescript	coding-agent-skills	nl	session-prompting	medium	single-primary	held-out	claude	0012-wave2-ctx-header	w2-ctx-header	w2-ctx-header	combined	True	False	1.0	1.0	1.0	0.2	0.1	0.5	0.333333	0.333333	1.0	1.0	1.0	42	0.2	0.8	8989	20						4	44.22	174853.2
cas-coding-style-memo-ban-and-oxlint-extends	coding-agent-skills	nl	session-prompting	hard	single-primary	dev	claude	0012-wave2-ctx-header	w2-ctx-header	w2-ctx-header	combined	True	False	1.0	1.0	1.0	0.2	0.1	0.5	0.333333	0.333333	1.0	1.0	1.0	53	0.05	0.95	7114	20						6	46.6	174853.2
cas-cursor-composer-published-foreign-work	coding-agent-skills	nl	session-prompting	medium	single-primary	dev	claude	0012-wave2-ctx-header	w2-ctx-header	w2-ctx-header	combined	True	False	1.0	1.0	1.0	0.2	0.1	1.0	1.0	1.0	1.0	1.0	1.0	40	0.0	1.0	6384	20						2	38.26	174853.2
cas-docs-migration-found-writing-docs-skill	coding-agent-skills	nl	session-prompting	medium	single-primary	dev	claude	0012-wave2-ctx-header	w2-ctx-header	w2-ctx-header	combined	True	False	1.0	1.0	1.0	0.2	0.1	1.0	1.0	1.0	1.0	1.0	1.0	50	0.0	1.0	7200	20						0	46.59	174853.2
cas-anthropic-contextual-retrieval-failure-stats	coding-agent-skills	nl	session-prompting	medium	single-primary	dev	claude	0012-wave2-ctx-header	w2-ctx-header	w2-ctx-header	combined	True	False	1.0	1.0	1.0	0.2	0.1	1.0	1.0	1.0	1.0	1.0	1.0	29	0.0	1.0	8492	20						12	48.0	174853.2
cas-docs-rag-plan-coupling-and-closed-book	coding-agent-skills	nl	session-prompting	hard	single-primary	held-out	claude	0012-wave2-ctx-header	w2-ctx-header	w2-ctx-header	combined	True	False	1.0	1.0	1.0	0.2	0.1	0.63093	0.5	0.5	1.0	1.0	1.0	27	0.0	1.0	8861	20						6	43.87	174853.2
cas-token-benchmark-gpt-outlier	coding-agent-skills	nl	session-prompting	hard	single-primary	dev	claude	0012-wave2-ctx-header	w2-ctx-header	w2-ctx-header	combined	True	False	1.0	1.0	1.0	0.2	0.1	1.0	1.0	1.0	1.0	1.0	1.0	19	0.0	1.0	5991	20						7	37.78	174853.2
cas-inception-react-compiler-babel-preset	coding-agent-skills	code	codebase	hard	single-primary	held-out	claude	0012-wave2-ctx-header	w2-ctx-header	w2-ctx-header	combined	True	False	1.0	1.0	1.0	0.2	0.1	1.0	1.0	1.0	1.0	1.0	1.0	44	0.55	0.45	7132	20						2	39.65	174853.2
cas-inception-router-preload-intent	coding-agent-skills	code	codebase	medium	single-primary	dev	claude	0012-wave2-ctx-header	w2-ctx-header	w2-ctx-header	combined	True	False	0.0	1.0	1.0	0.0	0.1	0.289065	0.1	0.1	1.0	1.0	0.0	55	0.6	0.4	5323	20						4	44.89	174853.2
cas-inception-typecheck-tsgo	coding-agent-skills	code	codebase	medium	single-primary	dev	claude	0012-wave2-ctx-header	w2-ctx-header	w2-ctx-header	combined	True	False	0.0	1.0	1.0	0.0	0.1	0.315465	0.125	0.125	1.0	1.0	1.0	49	0.5	0.5	7879	20						2	33.87	174853.2
cas-snowflake-bit-layout-epoch	coding-agent-skills	code	codebase	hard	single-primary	held-out	claude	0012-wave2-ctx-header	w2-ctx-header	w2-ctx-header	combined	True	False	1.0	1.0	1.0	0.2	0.1	1.0	1.0	1.0	1.0	1.0	1.0	47	0.3	0.7	7659	20						8	45.24	174853.2
cas-index-reindex-delete-by-docid	coding-agent-skills	code	codebase	medium	single-primary	dev	claude	0012-wave2-ctx-header	w2-ctx-header	w2-ctx-header	combined	True	False	1.0	1.0	1.0	0.2	0.1	1.0	1.0	1.0	1.0	1.0	1.0	45	0.25	0.75	7334	20						9	47.0	174853.2
cas-index-bm25-idf-modifier	coding-agent-skills	code	codebase	medium	single-primary	dev	claude	0012-wave2-ctx-header	w2-ctx-header	w2-ctx-header	combined	True	False	1.0	1.0	1.0	0.2	0.1	1.0	1.0	1.0	1.0	1.0	1.0	40	0.15	0.85	8113	20						12	43.08	174853.2
cas-query-hybrid-fusion-default	coding-agent-skills	code	codebase	medium	single-primary	held-out	claude	0012-wave2-ctx-header	w2-ctx-header	w2-ctx-header	combined	True	False	1.0	1.0	1.0	0.2	0.1	0.430677	0.25	0.25	1.0	1.0	1.0	35	0.3	0.7	6135	20						10	41.5	174853.2
cas-ragconfig-default-models	coding-agent-skills	code	codebase	easy	single-primary	held-out	claude	0012-wave2-ctx-header	w2-ctx-header	w2-ctx-header	combined	True	False	1.0	1.0	1.0	0.2	0.1	0.386853	0.2	0.2	1.0	1.0	1.0	36	0.2	0.8	8541	20						11	44.93	174853.2
cas-ragclient-embedded-singlewriter	coding-agent-skills	code	codebase	medium	single-primary	held-out	claude	0012-wave2-ctx-header	w2-ctx-header	w2-ctx-header	combined	True	False	1.0	1.0	1.0	0.2	0.1	1.0	1.0	1.0	1.0	1.0	1.0	45	0.4	0.6	6389	20						5	47.59	174853.2
cas-ragserver-healthz-probe	coding-agent-skills	code	codebase	medium	single-primary	dev	claude	0012-wave2-ctx-header	w2-ctx-header	w2-ctx-header	combined	True	False	1.0	1.0	1.0	0.2	0.1	1.0	1.0	1.0	1.0	1.0	1.0	38	0.4	0.6	7050	20						8	43.75	174853.2
cas-docseval-hashed-embedding-bm25	coding-agent-skills	code	codebase	hard	single-primary	held-out	claude	0012-wave2-ctx-header	w2-ctx-header	w2-ctx-header	combined	True	False	1.0	1.0	1.0	0.2	0.1	1.0	1.0	1.0	1.0	0.333333	0.0	36	0.1	0.9	8006	20						12	42.81	174853.2
cas-gold-noncircularity-firewall	coding-agent-skills	code	codebase	hard	single-primary	held-out	claude	0012-wave2-ctx-header	w2-ctx-header	w2-ctx-header	combined	True	False	1.0	1.0	1.0	0.2	0.1	1.0	1.0	1.0	1.0	0.0	0.0	34	0.05	0.95	8531	20						10	45.7	174853.2
cas-gold-qrels-pinned-vs-sentinel	coding-agent-skills	code	codebase	medium	single-primary	held-out	claude	0012-wave2-ctx-header	w2-ctx-header	w2-ctx-header	combined	True	False	1.0	1.0	1.0	0.2	0.1	0.5	0.333333	0.333333	1.0	0.5	0.0	32	0.3	0.7	7453	20						10	41.61	174853.2
cas-scoreboard-bootstrap-coupling	coding-agent-skills	code	codebase	hard	single-primary	held-out	claude	0012-wave2-ctx-header	w2-ctx-header	w2-ctx-header	combined	True	False	1.0	1.0	1.0	0.2	0.1	0.63093	0.5	0.5	1.0	0.0	0.0	31	0.1	0.9	8105	20						7	42.73	174853.2
cas-mkcorpus-naive-destructure	coding-agent-skills	code	codebase	medium	single-primary	held-out	claude	0012-wave2-ctx-header	w2-ctx-header	w2-ctx-header	combined	True	False	1.0	1.0	1.0	0.2	0.1	1.0	1.0	1.0	1.0	1.0	1.0	42	0.35	0.65	7307	20						7	50.23	174853.2
cas-jsonmerge-keyed-by-id-arrays	coding-agent-skills	code	codebase	hard	single-primary	held-out	claude	0012-wave2-ctx-header	w2-ctx-header	w2-ctx-header	combined	True	False	1.0	1.0	1.0	0.2	0.1	0.63093	0.5	0.5	1.0	1.0	1.0	43	0.5	0.5	5889	20						2	46.52	174853.2
cas-scalarmerge-version-winner	coding-agent-skills	code	codebase	medium	single-primary	held-out	claude	0012-wave2-ctx-header	w2-ctx-header	w2-ctx-header	combined	True	False	1.0	1.0	1.0	0.2	0.1	1.0	1.0	1.0	1.0	1.0	1.0	33	0.3	0.7	5141	20						3	44.22	174853.2
cas-conflict-preview-jj-bullet-rule	coding-agent-skills	code	codebase	medium	single-primary	dev	claude	0012-wave2-ctx-header	w2-ctx-header	w2-ctx-header	combined	True	False	1.0	1.0	1.0	0.2	0.1	0.63093	0.5	0.5	1.0	1.0	1.0	30	0.15	0.85	5437	20						0	41.6	174853.2
cas-lefthook-sequential-stagefixed	coding-agent-skills	code	codebase	easy	single-primary	dev	claude	0012-wave2-ctx-header	w2-ctx-header	w2-ctx-header	combined	True	False	1.0	1.0	1.0	0.2	0.1	0.430677	0.25	0.25	1.0	1.0	1.0	38	0.2	0.8	5742	20						0	43.6	174853.2
cas-oxlint-ignore-generated-routetree	coding-agent-skills	code	codebase	easy	single-primary	dev	claude	0012-wave2-ctx-header	w2-ctx-header	w2-ctx-header	combined	True	False	0.0	1.0	1.0	0.0	0.1	0.333333	0.142857	0.142857	1.0	1.0	1.0	42	0.3	0.7	5783	20						0	37.99	174853.2
cas-cx-retrieval-routing-ladder-tiers	coding-agent-skills	nl	codebase	medium	single-primary	dev	codex	0012-wave2-ctx-header	w2-ctx-header	w2-ctx-header	combined	True	False	1.0	1.0	1.0	0.2	0.1	1.0	1.0	1.0	1.0	1.0	1.0	45	0.0	1.0	7124	20						10	40.4	174853.2
cas-cx-reindex-removed-doc-recreate-caveat	coding-agent-skills	code	codebase	medium	single-primary	held-out	codex	0012-wave2-ctx-header	w2-ctx-header	w2-ctx-header	combined	True	False	1.0	1.0	1.0	0.2	0.1	1.0	1.0	1.0	1.0	1.0	1.0	57	0.15	0.85	10030	20						8	53.88	174853.2
cas-cx-rag-corpus-loader-vcs-boundary-pruning	coding-agent-skills	code	codebase	hard	single-primary	dev	codex	0012-wave2-ctx-header	w2-ctx-header	w2-ctx-header	combined	True	False	1.0	1.0	1.0	0.2	0.1	1.0	1.0	1.0	1.0	1.0	1.0	46	0.3	0.7	7704	20						1	46.52	174853.2
cas-cx-markdown-chunk-minwords-floor-25x	coding-agent-skills	code	codebase	medium	multi-primary	held-out	codex	0012-wave2-ctx-header	w2-ctx-header	w2-ctx-header	combined	True	False	1.0	1.0	1.0	0.4	0.2	0.693426	0.5	0.5	1.0	1.0	1.0	42	0.35	0.65	7519	20						9	43.24	174853.2
cas-cx-harness-floor-cell-and-mode-veto	coding-agent-skills	nl	codebase	medium	single-primary	held-out	codex	0012-wave2-ctx-header	w2-ctx-header	w2-ctx-header	combined	True	False	1.0	1.0	1.0	0.2	0.1	0.5	0.333333	0.333333	1.0	1.0	1.0	29	0.1	0.9	7520	20						7	42.94	174853.2
cas-cx-gold-corpus-exclude-globs-overview	coding-agent-skills	code	codebase	hard	single-primary	held-out	codex	0012-wave2-ctx-header	w2-ctx-header	w2-ctx-header	combined	True	False	1.0	1.0	1.0	0.2	0.1	0.63093	0.5	0.5	1.0	1.0	1.0	40	0.25	0.75	10119	20						6	42.99	174853.2
cas-cx-checkretrieval-domain-corpuskind-guard	coding-agent-skills	code	codebase	medium	single-primary	dev	codex	0012-wave2-ctx-header	w2-ctx-header	w2-ctx-header	combined	True	False	1.0	1.0	1.0	0.2	0.1	1.0	1.0	1.0	1.0	1.0	1.0	35	0.45	0.55	6615	20						7	41.18	174853.2
cas-cx-optimizing-rag-prompt-scope-and-qa-count	coding-agent-skills	nl	session-prompting	easy	single-primary	dev	codex	0012-wave2-ctx-header	w2-ctx-header	w2-ctx-header	combined	True	False	1.0	1.0	1.0	0.2	0.1	1.0	1.0	1.0	1.0	1.0	1.0	36	0.0	1.0	9307	20						4	49.21	174853.2
cas-cx-docs-convention-dated-typed-path	coding-agent-skills	nl	session-prompting	medium	single-primary	held-out	codex	0012-wave2-ctx-header	w2-ctx-header	w2-ctx-header	combined	True	False	1.0	1.0	1.0	0.2	0.1	1.0	1.0	1.0	1.0	1.0	1.0	44	0.0	1.0	6674	20						3	49.39	174853.2
cas-cx-floor-benchmark-cleanest-signal-256	coding-agent-skills	nl	session-prompting	medium	single-primary	dev	codex	0012-wave2-ctx-header	w2-ctx-header	w2-ctx-header	combined	True	False	1.0	1.0	1.0	0.2	0.1	0.63093	0.5	0.5	1.0	1.0	1.0	28	0.05	0.95	6395	20						5	40.14	174853.2
cas-cx-rag-benchmark-0006-code-ranking-deltas	coding-agent-skills	nl	session-prompting	medium	single-primary	dev	codex	0012-wave2-ctx-header	w2-ctx-header	w2-ctx-header	combined	True	False	1.0	1.0	1.0	0.2	0.1	1.0	1.0	1.0	1.0	1.0	1.0	37	0.0	1.0	6572	20						8	52.33	174853.2
cas-cx-source-map-token-reduction-inception-alphazero	coding-agent-skills	nl	session-prompting	medium	single-primary	dev	codex	0012-wave2-ctx-header	w2-ctx-header	w2-ctx-header	combined	True	False	1.0	1.0	1.0	0.2	0.1	0.63093	0.5	0.5	1.0	1.0	1.0	43	0.0	1.0	9035	20						12	44.66	174853.2
cas-cx-graphify-benchmark-recommendation-keep-qdrant	coding-agent-skills	nl	session-prompting	medium	single-primary	held-out	codex	0012-wave2-ctx-header	w2-ctx-header	w2-ctx-header	combined	True	False	1.0	1.0	1.0	0.2	0.1	1.0	1.0	1.0	1.0	1.0	1.0	31	0.0	1.0	8847	20						14	38.41	174853.2
cas-cx-vcs-boundary-session-metric-verification	coding-agent-skills	nl	session-prompting	medium	single-primary	held-out	codex	0012-wave2-ctx-header	w2-ctx-header	w2-ctx-header	combined	True	False	1.0	1.0	1.0	0.2	0.1	1.0	1.0	1.0	1.0	1.0	1.0	45	0.2	0.8	7322	20						1	49.7	174853.2
az-mcts-virtual-loss-mean-q	alpha-zero	code	codebase	medium	single-primary	held-out	claude	0012-wave2-ctx-header	w2-ctx-header	w2-ctx-header	combined	True	False	0.0	1.0	1.0	0.0	0.1	0.333333	0.142857	0.142857	1.0	0.5	0.0	30	0.35	0.65	5810	20						0	45.39	213139.2
az-mcts-forced-playouts-floor	alpha-zero	code	codebase	medium	single-primary	dev	claude	0012-wave2-ctx-header	w2-ctx-header	w2-ctx-header	combined	True	False	1.0	1.0	1.0	0.2	0.1	0.430677	0.25	0.25	1.0	0.5	1.0	26	0.8	0.2	5565	20						0	30.6	213139.2
az-mcts-tree-reuse-delta1	alpha-zero	code	codebase	hard	single-primary	held-out	claude	0012-wave2-ctx-header	w2-ctx-header	w2-ctx-header	combined	True	False	1.0	1.0	1.0	0.2	0.1	1.0	1.0	1.0	1.0	0.5	1.0	32	0.8	0.2	4482	20						0	30.79	213139.2
az-config-dirichlet-default-knobs	alpha-zero	code	codebase	easy	single-primary	dev	claude	0012-wave2-ctx-header	w2-ctx-header	w2-ctx-header	combined	True	False	1.0	1.0	1.0	0.2	0.1	0.5	0.333333	0.333333	1.0	1.0	1.0	34	0.5	0.5	6945	20						0	40.71	213139.2
az-gumbel-sequential-halving-sigma	alpha-zero	code	codebase	hard	single-primary	dev	claude	0012-wave2-ctx-header	w2-ctx-header	w2-ctx-header	combined	True	False	1.0	1.0	1.0	0.2	0.1	0.63093	0.5	0.5	1.0	1.0	0.0	30	1.0	0.0	4623	20						0	35.93	213139.2
az-replay-reanalyze-generation-guard	alpha-zero	code	codebase	medium	single-primary	dev	claude	0012-wave2-ctx-header	w2-ctx-header	w2-ctx-header	combined	True	False	1.0	1.0	1.0	0.2	0.1	0.63093	0.5	0.5	1.0	0.5	1.0	41	0.75	0.25	6220	20						0	43.16	213139.2
az-batch-inference-pipeline-slots	alpha-zero	code	codebase	hard	single-primary	held-out	claude	0012-wave2-ctx-header	w2-ctx-header	w2-ctx-header	combined	True	False	1.0	1.0	1.0	0.2	0.1	1.0	1.0	1.0	1.0	0.333333	1.0	38	0.25	0.75	8353	20						0	42.91	213139.2
az-cuda-adam-gradclip-kernel	alpha-zero	code	codebase	hard	single-primary	held-out	claude	0012-wave2-ctx-header	w2-ctx-header	w2-ctx-header	combined	True	False	1.0	1.0	1.0	0.2	0.1	1.0	1.0	1.0	1.0	1.0	1.0	43	0.75	0.25	6120	20						0	39.22	213139.2
az-flashattn-wmma-dh-gate	alpha-zero	code	codebase	medium	single-primary	held-out	claude	0012-wave2-ctx-header	w2-ctx-header	w2-ctx-header	combined	True	False	0.0	1.0	1.0	0.0	0.1	0.289065	0.1	0.1	1.0	0.0	0.0	31	0.4	0.6	6935	20						0	40.58	213139.2
az-cmake-game-swap-fetchcontent	alpha-zero	code	codebase	easy	single-primary	held-out	claude	0012-wave2-ctx-header	w2-ctx-header	w2-ctx-header	combined	True	False	1.0	1.0	1.0	0.2	0.1	1.0	1.0	1.0	1.0	1.0	1.0	43	0.35	0.65	7488	20						0	46.1	213139.2
az-selfplay-value-mix-augment	alpha-zero	code	codebase	medium	single-primary	dev	claude	0012-wave2-ctx-header	w2-ctx-header	w2-ctx-header	combined	True	False	0.0	1.0	1.0	0.0	0.0	0.0	0.090909	0.090909	1.0	0.0	0.0	44	0.25	0.75	8551	20						0	45.09	213139.2
az-cublaslt-tf32-fp8-entrypoints	alpha-zero	code	codebase	medium	single-primary	held-out	claude	0012-wave2-ctx-header	w2-ctx-header	w2-ctx-header	combined	True	False	1.0	1.0	1.0	0.2	0.1	0.63093	0.5	0.5	1.0	1.0	1.0	27	0.6	0.4	4572	20						0	38.45	213139.2
az-transformer-dyt-normalization	alpha-zero	nl	design-doc	easy	single-primary	dev	claude	0012-wave2-ctx-header	w2-ctx-header	w2-ctx-header	combined	True	False	1.0	1.0	1.0	0.2	0.1	1.0	1.0	1.0	1.0	1.0	1.0	30	0.15	0.85	7813	20						0	39.07	213139.2
az-transformer-model-parallel-split	alpha-zero	nl	design-doc	hard	single-primary	held-out	claude	0012-wave2-ctx-header	w2-ctx-header	w2-ctx-header	combined	True	False	1.0	1.0	1.0	0.2	0.1	1.0	1.0	1.0	1.0	1.0	1.0	38	0.25	0.75	7772	20						0	38.68	213139.2
az-inference-seq195-flash-recovery	alpha-zero	nl	design-doc	hard	single-primary	held-out	claude	0012-wave2-ctx-header	w2-ctx-header	w2-ctx-header	combined	True	False	1.0	1.0	1.0	0.2	0.1	1.0	1.0	1.0	1.0	1.0	1.0	37	0.1	0.9	8728	20						0	45.82	213139.2
az-fp8-gemm-16-alignment	alpha-zero	nl	design-doc	medium	multi-primary	dev	claude	0012-wave2-ctx-header	w2-ctx-header	w2-ctx-header	combined	True	False	0.5	1.0	1.0	0.2	0.1	0.613147	1.0	1.0	1.0	0.666667	1.0	42	0.4	0.6	8108	20						0	43.4	213139.2
az-replay-buffer-magic-schema	alpha-zero	nl	design-doc	medium	single-primary	dev	claude	0012-wave2-ctx-header	w2-ctx-header	w2-ctx-header	combined	True	False	1.0	1.0	1.0	0.2	0.1	1.0	1.0	1.0	1.0	1.0	1.0	40	0.45	0.55	6881	20						0	37.74	213139.2
az-logging-training-perf-warmup-gate	alpha-zero	nl	design-doc	medium	single-primary	dev	claude	0012-wave2-ctx-header	w2-ctx-header	w2-ctx-header	combined	True	False	1.0	1.0	1.0	0.2	0.1	1.0	1.0	1.0	1.0	1.0	1.0	46	0.55	0.45	6282	20						0	35.4	213139.2
az-perf-dyt-dalpha-single-thread-bug	alpha-zero	nl	design-doc	hard	single-primary	dev	claude	0012-wave2-ctx-header	w2-ctx-header	w2-ctx-header	combined	True	False	1.0	1.0	1.0	0.2	0.1	0.63093	0.5	0.5	1.0	1.0	1.0	30	0.05	0.95	5755	20						0	34.33	213139.2
az-gui-serve-version-dispatch-cache	alpha-zero	nl	design-doc	medium	single-primary	held-out	claude	0012-wave2-ctx-header	w2-ctx-header	w2-ctx-header	combined	True	False	1.0	1.0	1.0	0.2	0.1	0.63093	0.5	0.5	1.0	1.0	1.0	50	0.2	0.8	8308	20						0	42.07	213139.2
az-cx-game-swap-checklist	alpha-zero	nl	design-doc	medium	single-primary	held-out	codex	0012-wave2-ctx-header	w2-ctx-header	w2-ctx-header	combined	True	False	1.0	1.0	1.0	0.2	0.1	1.0	1.0	1.0	1.0	1.0	1.0	49	0.4	0.6	7712	20						0	51.46	213139.2
az-cx-eval-server-isolation	alpha-zero	nl	design-doc	medium	multi-primary	dev	codex	0012-wave2-ctx-header	w2-ctx-header	w2-ctx-header	combined	True	False	0.333333	0.666667	1.0	0.2	0.2	0.452508	0.5	0.5	0.666667	1.0	1.0	38	0.25	0.75	8384	20						0	47.9	213139.2
az-cx-storage-root-dir-gui-layout	alpha-zero	code	codebase	medium	multi-primary	held-out	codex	0012-wave2-ctx-header	w2-ctx-header	w2-ctx-header	combined	True	False	1.0	1.0	1.0	0.4	0.2	0.501266	0.25	0.25	1.0	1.0	1.0	51	0.55	0.45	7557	20						0	44.56	213139.2
az-cx-replay-checkpoint-v5-doc-drift	alpha-zero	code	codebase	medium	multi-primary	held-out	codex	0012-wave2-ctx-header	w2-ctx-header	w2-ctx-header	combined	True	False	0.333333	1.0	1.0	0.2	0.3	0.611283	0.5	0.5	1.0	0.666667	1.0	44	0.45	0.55	6906	20						0	43.98	213139.2
az-cx-fp8-policy-head-stays-fp16	alpha-zero	nl	design-doc	medium	multi-primary	held-out	codex	0012-wave2-ctx-header	w2-ctx-header	w2-ctx-header	combined	True	False	0.5	0.5	0.5	0.2	0.1	0.306574	0.333333	0.333333	0.5	1.0	1.0	37	0.15	0.85	7833	20						0	36.04	213139.2
az-cx-batch-server-mirror-quiescence	alpha-zero	code	codebase	hard	multi-primary	dev	codex	0012-wave2-ctx-header	w2-ctx-header	w2-ctx-header	combined	True	False	0.5	1.0	1.0	0.2	0.2	0.806574	1.0	1.0	1.0	1.0	1.0	36	0.55	0.45	6198	20						0	39.26	213139.2
az-cx-compact-head-output-widths	alpha-zero	code	codebase	hard	multi-primary	dev	codex	0012-wave2-ctx-header	w2-ctx-header	w2-ctx-header	combined	True	False	0.5	1.0	1.0	0.2	0.1	0.386853	0.5	0.5	1.0	1.0	1.0	38	0.45	0.55	6045	20						0	37.95	213139.2
az-cx-mcts-value-perspective-convention	alpha-zero	nl	design-doc	medium	single-primary	held-out	codex	0012-wave2-ctx-header	w2-ctx-header	w2-ctx-header	combined	True	False	1.0	1.0	1.0	0.2	0.1	1.0	1.0	1.0	1.0	1.0	1.0	36	0.55	0.45	5658	20						0	39.13	213139.2
az-cx-gumbel-suppresses-root-noise	alpha-zero	code	codebase	hard	single-primary	dev	codex	0012-wave2-ctx-header	w2-ctx-header	w2-ctx-header	combined	True	False	1.0	1.0	1.0	0.2	0.1	1.0	1.0	1.0	1.0	1.0	1.0	30	0.85	0.15	5404	20						0	35.39	213139.2
az-cx-reanalyze-row-field-preservation	alpha-zero	code	codebase	hard	multi-primary	held-out	codex	0012-wave2-ctx-header	w2-ctx-header	w2-ctx-header	combined	True	False	0.5	1.0	1.0	0.2	0.1	0.613147	1.0	1.0	1.0	0.333333	1.0	32	0.6	0.4	6844	20						0	39.42	213139.2
az-cx-opp-reply-next-fullsearch-pairing	alpha-zero	code	codebase	hard	multi-primary	dev	codex	0012-wave2-ctx-header	w2-ctx-header	w2-ctx-header	combined	True	False	0.5	1.0	1.0	0.2	0.2	0.81753	1.0	1.0	1.0	1.0	1.0	35	0.6	0.4	5294	20						0	45.98	213139.2
az-cx-serve-model-cache-sha-keying	alpha-zero	code	codebase	medium	single-primary	held-out	codex	0012-wave2-ctx-header	w2-ctx-header	w2-ctx-header	combined	True	False	1.0	1.0	1.0	0.2	0.1	0.63093	0.5	0.5	1.0	0.333333	0.0	51	0.4	0.6	6067	20						0	35.77	213139.2
azapi-game-concept-required-statics	alpha-zero-api	code	codebase	medium	single-primary	held-out	claude	0012-wave2-ctx-header	w2-ctx-header	w2-ctx-header	combined	True	False	1.0	1.0	1.0	0.2	0.1	1.0	1.0	1.0	1.0	1.0	1.0	20	0.3	0.7	6395	20						0	46.34	14811.0
azapi-game-self-play-cap-invariant	alpha-zero-api	code	codebase	medium	single-primary	dev	claude	0012-wave2-ctx-header	w2-ctx-header	w2-ctx-header	combined	True	False	1.0	1.0	1.0	0.2	0.1	1.0	1.0	1.0	1.0	1.0	1.0	21	0.4	0.6	6931	20						0	41.2	14811.0
azapi-game-noexcept-free-apply	alpha-zero-api	code	codebase	medium	single-primary	held-out	claude	0012-wave2-ctx-header	w2-ctx-header	w2-ctx-header	combined	True	False	1.0	1.0	1.0	0.2	0.1	0.5	0.333333	0.333333	1.0	1.0	1.0	29	0.45	0.55	6542	20						0	45.54	14811.0
azapi-compact-target-padding-slot	alpha-zero-api	code	codebase	medium	single-primary	held-out	claude	0012-wave2-ctx-header	w2-ctx-header	w2-ctx-header	combined	True	False	1.0	1.0	1.0	0.2	0.1	1.0	1.0	1.0	1.0	1.0	1.0	20	0.45	0.55	6610	20						0	39.44	14811.0
azapi-evaluation-vs-trainingtarget-split	alpha-zero-api	code	codebase	easy	single-primary	held-out	claude	0012-wave2-ctx-header	w2-ctx-header	w2-ctx-header	combined	True	False	1.0	1.0	1.0	0.2	0.1	0.5	0.333333	0.333333	1.0	1.0	1.0	33	0.55	0.45	5463	20						0	38.01	14811.0
azapi-ringbuffer-storage-concept	alpha-zero-api	code	codebase	medium	single-primary	held-out	claude	0012-wave2-ctx-header	w2-ctx-header	w2-ctx-header	combined	True	False	1.0	1.0	1.0	0.2	0.1	0.63093	0.5	0.5	1.0	1.0	1.0	22	0.65	0.35	4911	20						0	43.56	14811.0
azapi-ringbuffer-newest-index-arithmetic	alpha-zero-api	code	codebase	medium	single-primary	dev	claude	0012-wave2-ctx-header	w2-ctx-header	w2-ctx-header	combined	True	False	1.0	1.0	1.0	0.2	0.1	1.0	1.0	1.0	1.0	1.0	1.0	23	0.65	0.35	5205	20						0	38.09	14811.0
azapi-state-serializer-history-window	alpha-zero-api	code	codebase	medium	single-primary	held-out	claude	0012-wave2-ctx-header	w2-ctx-header	w2-ctx-header	combined	True	False	1.0	1.0	1.0	0.2	0.1	1.0	1.0	1.0	1.0	0.5	1.0	25	0.4	0.6	6202	20						0	39.41	14811.0
azapi-deserializer-precision-contract	alpha-zero-api	code	codebase	medium	single-primary	dev	claude	0012-wave2-ctx-header	w2-ctx-header	w2-ctx-header	combined	True	False	1.0	1.0	1.0	0.2	0.1	0.63093	0.5	0.5	1.0	1.0	1.0	21	0.3	0.7	6601	20						0	45.03	14811.0
azapi-default-dense-serializer-layout	alpha-zero-api	code	codebase	medium	single-primary	dev	claude	0012-wave2-ctx-header	w2-ctx-header	w2-ctx-header	combined	True	False	0.0	1.0	1.0	0.0	0.1	0.315465	0.125	0.125	1.0	0.5	0.0	22	0.6	0.4	5830	20						0	27.11	14811.0
azapi-compact-deserializer-missing-slot-error	alpha-zero-api	code	codebase	hard	single-primary	dev	claude	0012-wave2-ctx-header	w2-ctx-header	w2-ctx-header	combined	True	False	1.0	1.0	1.0	0.2	0.1	1.0	1.0	1.0	1.0	1.0	1.0	23	0.5	0.5	5379	20						0	43.25	14811.0
azapi-defaults-board-action-player-aliases	alpha-zero-api	code	codebase	easy	single-primary	held-out	claude	0012-wave2-ctx-header	w2-ctx-header	w2-ctx-header	combined	True	False	1.0	1.0	1.0	0.2	0.1	0.63093	0.5	0.5	1.0	1.0	1.0	31	0.55	0.45	6547	20						0	37.3	14811.0
azapi-ttt-error-enum-policy-size	alpha-zero-api	code	codebase	easy	single-primary	held-out	claude	0012-wave2-ctx-header	w2-ctx-header	w2-ctx-header	combined	True	False	1.0	1.0	1.0	0.2	0.1	1.0	1.0	1.0	1.0	0.5	0.0	31	0.65	0.35	6016	20						0	44.4	14811.0
azapi-ttt-policyindex-and-history-storage	alpha-zero-api	code	codebase	hard	multi-primary	held-out	claude	0012-wave2-ctx-header	w2-ctx-header	w2-ctx-header	combined	True	False	1.0	1.0	1.0	0.4	0.2	0.877215	1.0	1.0	1.0	1.0	1.0	28	0.55	0.45	6059	20						0	43.26	14811.0
azapi-ttt-augmentation-duplicate-symmetries	alpha-zero-api	code	codebase	hard	single-primary	held-out	claude	0012-wave2-ctx-header	w2-ctx-header	w2-ctx-header	combined	True	False	1.0	1.0	1.0	0.2	0.1	0.63093	0.5	0.5	1.0	1.0	1.0	30	0.7	0.3	5884	20						0	37.83	14811.0
azapi-report-b4-policyindex-resolution	alpha-zero-api	nl	design-doc	medium	single-primary	held-out	claude	0012-wave2-ctx-header	w2-ctx-header	w2-ctx-header	combined	True	False	1.0	1.0	1.0	0.2	0.1	1.0	1.0	1.0	1.0	1.0	1.0	18	0.1	0.9	6744	20						0	39.25	14811.0
azapi-report-s6-dihedral-bug	alpha-zero-api	nl	design-doc	medium	single-primary	dev	claude	0012-wave2-ctx-header	w2-ctx-header	w2-ctx-header	combined	True	False	1.0	1.0	1.0	0.2	0.1	1.0	1.0	1.0	1.0	1.0	1.0	30	0.45	0.55	5531	20						0	46.53	14811.0
azapi-report-s4-transposition-hash	alpha-zero-api	nl	design-doc	medium	single-primary	dev	claude	0012-wave2-ctx-header	w2-ctx-header	w2-ctx-header	combined	True	False	1.0	1.0	1.0	0.2	0.1	1.0	1.0	1.0	1.0	1.0	1.0	29	0.25	0.75	6886	20						0	46.56	14811.0
azapi-migration-compact-rule-of-thumb	alpha-zero-api	nl	design-doc	medium	single-primary	dev	claude	0012-wave2-ctx-header	w2-ctx-header	w2-ctx-header	combined	True	False	1.0	1.0	1.0	0.2	0.1	1.0	1.0	1.0	1.0	1.0	1.0	21	0.1	0.9	5704	20						0	42.01	14811.0
azapi-migration-validactionsinto-cookiecutter-marker	alpha-zero-api	nl	design-doc	medium	single-primary	held-out	claude	0012-wave2-ctx-header	w2-ctx-header	w2-ctx-header	combined	True	False	1.0	1.0	1.0	0.2	0.1	1.0	1.0	1.0	1.0	1.0	1.0	25	0.2	0.8	5570	20						0	64.36	14811.0
azapi-cx-default-deser-no-softmax-vs-migration	alpha-zero-api	code	codebase	hard	multi-primary	dev	codex	0012-wave2-ctx-header	w2-ctx-header	w2-ctx-header	combined	True	False	0.5	1.0	1.0	0.2	0.2	0.524981	0.333333	0.333333	1.0	1.0	1.0	24	0.35	0.65	6126	20						0	39.17	14811.0
azapi-cx-ttt-coordinate-parsing-display	alpha-zero-api	code	codebase	medium	single-primary	dev	codex	0012-wave2-ctx-header	w2-ctx-header	w2-ctx-header	combined	True	False	1.0	1.0	1.0	0.2	0.1	0.63093	0.5	0.5	1.0	1.0	1.0	31	0.7	0.3	4949	20						0	38.66	14811.0
azapi-cx-ttt-serializer-player-relative	alpha-zero-api	code	codebase	medium	single-primary	held-out	codex	0012-wave2-ctx-header	w2-ctx-header	w2-ctx-header	combined	True	False	0.0	1.0	1.0	0.0	0.1	0.333333	0.142857	0.142857	1.0	1.0	0.0	26	0.6	0.4	5392	20						0	37.04	14811.0
azapi-cx-ttt-training-augmenter-remap	alpha-zero-api	code	codebase	hard	single-primary	held-out	codex	0012-wave2-ctx-header	w2-ctx-header	w2-ctx-header	combined	True	False	0.0	1.0	1.0	0.0	0.1	0.315465	0.125	0.125	1.0	1.0	1.0	29	0.65	0.35	6238	20						0	42.23	14811.0
azapi-cx-ttt-score-win-status-semantics	alpha-zero-api	code	codebase	medium	single-primary	dev	codex	0012-wave2-ctx-header	w2-ctx-header	w2-ctx-header	combined	True	False	1.0	1.0	1.0	0.2	0.1	0.63093	0.5	0.5	1.0	1.0	1.0	30	0.6	0.4	5629	20						0	39.18	14811.0
azapi-cx-cmake-interface-library-defaults-gating	alpha-zero-api	code	codebase	medium	single-primary	held-out	codex	0012-wave2-ctx-header	w2-ctx-header	w2-ctx-header	combined	True	False	1.0	1.0	1.0	0.2	0.1	1.0	1.0	1.0	1.0	1.0	1.0	33	0.6	0.4	6008	20						0	37.71	14811.0
azapi-cx-project-version-cxx23	alpha-zero-api	code	codebase	easy	single-primary	held-out	codex	0012-wave2-ctx-header	w2-ctx-header	w2-ctx-header	combined	True	False	1.0	1.0	1.0	0.2	0.1	0.63093	0.5	0.5	1.0	1.0	1.0	31	0.55	0.45	5681	20						0	29.29	14811.0
azapi-cx-testsh-build-matrix-and-ci	alpha-zero-api	code	codebase	medium	multi-primary	held-out	codex	0012-wave2-ctx-header	w2-ctx-header	w2-ctx-header	combined	True	False	1.0	1.0	1.0	0.4	0.2	0.693426	0.5	0.5	1.0	1.0	1.0	39	0.45	0.55	5575	20						0	39.7	14811.0
azapi-cx-v003-root-namespace-rename	alpha-zero-api	nl	design-doc	easy	single-primary	dev	codex	0012-wave2-ctx-header	w2-ctx-header	w2-ctx-header	combined	True	False	1.0	1.0	1.0	0.2	0.1	1.0	1.0	1.0	1.0	1.0	1.0	24	0.0	1.0	5116	20						0	38.16	14811.0
azapi-cx-v005-explicit-error-type-param	alpha-zero-api	nl	design-doc	medium	single-primary	held-out	codex	0012-wave2-ctx-header	w2-ctx-header	w2-ctx-header	combined	True	False	1.0	1.0	1.0	0.2	0.1	1.0	1.0	1.0	1.0	1.0	1.0	29	0.2	0.8	5713	20						0	35.05	14811.0
ttt-board-packing-bits	az-game-tic-tac-toe	code	codebase	easy	single-primary	held-out	claude	0012-wave2-ctx-header	w2-ctx-header	w2-ctx-header	combined	True	False	1.0	1.0	1.0	0.2	0.1	0.386853	0.2	0.2	1.0	1.0	1.0	33	0.55	0.45	4471	20						0	36.19	20106.1
ttt-win-line-masks	az-game-tic-tac-toe	code	codebase	medium	single-primary	dev	claude	0012-wave2-ctx-header	w2-ctx-header	w2-ctx-header	combined	True	False	0.0	1.0	1.0	0.0	0.1	0.315465	0.125	0.125	1.0	1.0	0.0	32	0.6	0.4	4783	20						0	32.13	20106.1
ttt-isolate-x-o-bits	az-game-tic-tac-toe	code	codebase	medium	single-primary	dev	claude	0012-wave2-ctx-header	w2-ctx-header	w2-ctx-header	combined	True	False	1.0	1.0	1.0	0.2	0.1	0.63093	0.5	0.5	1.0	1.0	1.0	33	0.6	0.4	4458	20						0	36.95	20106.1
ttt-canonical-perspective-swap	az-game-tic-tac-toe	code	codebase	medium	single-primary	held-out	claude	0012-wave2-ctx-header	w2-ctx-header	w2-ctx-header	combined	True	False	0.0	1.0	1.0	0.0	0.1	0.30103	0.111111	0.111111	1.0	1.0	1.0	34	0.35	0.65	4230	20						0	42.57	20106.1
ttt-apply-mark-code	az-game-tic-tac-toe	code	codebase	medium	single-primary	dev	claude	0012-wave2-ctx-header	w2-ctx-header	w2-ctx-header	combined	True	False	0.0	1.0	1.0	0.0	0.1	0.30103	0.111111	0.111111	1.0	1.0	1.0	28	0.35	0.65	4931	20						0	82.4	20106.1
ttt-valid-actions-empty-test	az-game-tic-tac-toe	code	codebase	medium	single-primary	held-out	claude	0012-wave2-ctx-header	w2-ctx-header	w2-ctx-header	combined	True	False	0.0	0.0	1.0	0.0	0.0	0.0	0.043478	0.043478	0.0	0.5	1.0	33	0.45	0.55	4974	20						0	35.3	20106.1
ttt-d4-forward-perm-table	az-game-tic-tac-toe	code	codebase	hard	single-primary	held-out	claude	0012-wave2-ctx-header	w2-ctx-header	w2-ctx-header	combined	True	False	1.0	1.0	1.0	0.2	0.1	0.386853	0.2	0.2	1.0	1.0	0.0	32	0.45	0.55	5516	20						0	26.96	20106.1
ttt-state-builder-friend	az-game-tic-tac-toe	code	codebase	hard	multi-primary	held-out	claude	0012-wave2-ctx-header	w2-ctx-header	w2-ctx-header	combined	True	False	1.0	1.0	1.0	0.4	0.2	0.850345	1.0	1.0	1.0	1.0	1.0	41	0.55	0.45	5824	20						0	20.63	20106.1
ttt-state-input-tensor-shape	az-game-tic-tac-toe	code	codebase	hard	multi-primary	held-out	claude	0012-wave2-ctx-header	w2-ctx-header	w2-ctx-header	combined	True	False	1.0	1.0	1.0	0.4	0.2	0.650921	0.5	0.5	1.0	0.666667	0.0	38	0.7	0.3	4894	20						0	20.03	20106.1
ttt-deserializer-wrong-size	az-game-tic-tac-toe	code	codebase	medium	single-primary	dev	claude	0012-wave2-ctx-header	w2-ctx-header	w2-ctx-header	combined	True	False	0.0	1.0	1.0	0.0	0.1	0.30103	0.111111	0.111111	1.0	1.0	1.0	43	0.55	0.45	5762	20						0	26.91	20106.1
ttt-inference-mean-aggregation	az-game-tic-tac-toe	code	codebase	hard	single-primary	held-out	claude	0012-wave2-ctx-header	w2-ctx-header	w2-ctx-header	combined	True	False	1.0	1.0	1.0	0.2	0.1	0.430677	0.25	0.25	1.0	1.0	1.0	33	0.5	0.5	5907	20						0	39.7	20106.1
ttt-last-player-toggle	az-game-tic-tac-toe	code	codebase	medium	single-primary	held-out	claude	0012-wave2-ctx-header	w2-ctx-header	w2-ctx-header	combined	True	False	1.0	1.0	1.0	0.2	0.1	0.386853	0.2	0.2	1.0	1.0	0.0	35	0.45	0.55	5066	20						0	67.93	20106.1
ttt-augmentation-d4-order-eight	az-game-tic-tac-toe	nl	design-doc	medium	single-primary	held-out	claude	0012-wave2-ctx-header	w2-ctx-header	w2-ctx-header	combined	True	False	1.0	1.0	1.0	0.2	0.1	0.63093	0.5	0.5	1.0	1.0	1.0	36	0.4	0.6	4767	20						0	69.92	20106.1
ttt-mcts-allocation-free-rationale	az-game-tic-tac-toe	nl	design-doc	medium	single-primary	held-out	claude	0012-wave2-ctx-header	w2-ctx-header	w2-ctx-header	combined	True	False	1.0	1.0	1.0	0.2	0.1	0.63093	0.5	0.5	1.0	1.0	1.0	38	0.4	0.6	4892	20						0	38.26	20106.1
ttt-cx-game-contract-static-assert	az-game-tic-tac-toe	code	codebase	medium	single-primary	held-out	codex	0012-wave2-ctx-header	w2-ctx-header	w2-ctx-header	combined	True	False	1.0	1.0	1.0	0.2	0.1	0.63093	0.5	0.5	1.0	0.666667	1.0	42	0.2	0.8	4858	20						0	40.62	20106.1
ttt-cx-isover-terminal-conditions	az-game-tic-tac-toe	code	codebase	medium	single-primary	dev	codex	0012-wave2-ctx-header	w2-ctx-header	w2-ctx-header	combined	True	False	1.0	1.0	1.0	0.2	0.1	0.63093	0.5	0.5	1.0	1.0	1.0	34	0.35	0.65	5169	20						0	82.62	20106.1
ttt-cx-undo-last-action-restore	az-game-tic-tac-toe	code	codebase	medium	single-primary	dev	codex	0012-wave2-ctx-header	w2-ctx-header	w2-ctx-header	combined	True	False	0.0	0.0	1.0	0.0	0.0	0.0	0.04	0.04	0.0	0.5	1.0	29	0.45	0.55	4808	20						0	56.06	20106.1
ttt-cx-valid-action-ordering-determinism	az-game-tic-tac-toe	nl	design-doc	medium	single-primary	dev	codex	0012-wave2-ctx-header	w2-ctx-header	w2-ctx-header	combined	True	False	1.0	1.0	1.0	0.2	0.1	1.0	1.0	1.0	1.0	1.0	1.0	29	0.25	0.75	5108	20						0	38.4	20106.1
ttt-cx-policy-output-layout-z-slot	az-game-tic-tac-toe	code	codebase	medium	single-primary	held-out	codex	0012-wave2-ctx-header	w2-ctx-header	w2-ctx-header	combined	True	False	0.0	1.0	1.0	0.0	0.0	0.0	0.090909	0.090909	1.0	0.0	0.0	35	0.55	0.45	4560	20						0	47.8	20106.1
ttt-cx-unittest-coverage-gaps	az-game-tic-tac-toe	nl	design-doc	medium	single-primary	dev	codex	0012-wave2-ctx-header	w2-ctx-header	w2-ctx-header	combined	True	False	1.0	1.0	1.0	0.2	0.1	1.0	1.0	1.0	1.0	1.0	1.0	41	0.3	0.7	9566	20						0	89.34	20106.1
ttt-cx-d4-augmentation-enum-order	az-game-tic-tac-toe	code	codebase	medium	single-primary	dev	codex	0012-wave2-ctx-header	w2-ctx-header	w2-ctx-header	combined	True	False	1.0	1.0	1.0	0.2	0.1	0.5	0.333333	0.333333	1.0	1.0	1.0	33	0.65	0.35	4629	20						0	48.62	20106.1
ttt-cx-training-augmenter-pi-permute-z-preserve	az-game-tic-tac-toe	nl	design-doc	hard	single-primary	held-out	codex	0012-wave2-ctx-header	w2-ctx-header	w2-ctx-header	combined	True	False	1.0	1.0	1.0	0.2	0.1	1.0	1.0	1.0	1.0	1.0	1.0	36	0.4	0.6	6514	20						0	38.03	20106.1
ttt-cx-repl-ringbuffer-history-noop	az-game-tic-tac-toe	code	codebase	medium	single-primary	dev	codex	0012-wave2-ctx-header	w2-ctx-header	w2-ctx-header	combined	True	False	1.0	1.0	1.0	0.2	0.1	0.5	0.333333	0.333333	1.0	0.5	1.0	37	0.4	0.6	5802	20						0	64.94	20106.1
ttt-cx-build-cmake-standard-and-api-dep	az-game-tic-tac-toe	code	codebase	easy	single-primary	held-out	codex	0012-wave2-ctx-header	w2-ctx-header	w2-ctx-header	combined	True	False	1.0	1.0	1.0	0.2	0.1	1.0	1.0	1.0	1.0	1.0	1.0	67	0.65	0.35	4722	20						0	96.08	20106.1
xq-board-dims-and-cells	az-game-xiang-qi	code	codebase	easy	single-primary	held-out	claude	0012-wave2-ctx-header	w2-ctx-header	w2-ctx-header	combined	True	False	1.0	1.0	1.0	0.2	0.1	1.0	1.0	1.0	1.0	1.0	1.0	44	0.65	0.35	3993	20						0	38.13	51649.7
xq-action-space-size	az-game-xiang-qi	code	codebase	medium	single-primary	dev	claude	0012-wave2-ctx-header	w2-ctx-header	w2-ctx-header	combined	True	False	1.0	1.0	1.0	0.2	0.1	0.63093	0.5	0.5	1.0	1.0	1.0	34	0.3	0.7	4957	20						0	32.25	51649.7
xq-cannon-screen-capture	az-game-xiang-qi	code	codebase	medium	single-primary	dev	claude	0012-wave2-ctx-header	w2-ctx-header	w2-ctx-header	combined	True	False	1.0	1.0	1.0	0.2	0.1	0.430677	0.25	0.25	1.0	0.666667	1.0	32	0.5	0.5	4089	20						0	31.71	51649.7
xq-cannon-move-two-phase	az-game-xiang-qi	code	codebase	hard	single-primary	held-out	claude	0012-wave2-ctx-header	w2-ctx-header	w2-ctx-header	combined	True	False	1.0	1.0	1.0	0.2	0.1	0.386853	0.2	0.2	1.0	0.0	0.0	28	0.75	0.25	3792	20						0	51.1	51649.7
xq-flying-general-rule	az-game-xiang-qi	code	codebase	hard	multi-primary	dev	claude	0012-wave2-ctx-header	w2-ctx-header	w2-ctx-header	combined	True	False	0.0	0.5	0.5	0.0	0.0	0.0	0.090909	0.090909	0.5	1.0	1.0	37	0.65	0.35	3854	20						0	70.18	51649.7
xq-horse-hobbling-leg	az-game-xiang-qi	code	codebase	hard	single-primary	held-out	claude	0012-wave2-ctx-header	w2-ctx-header	w2-ctx-header	combined	True	False	0.0	1.0	1.0	0.0	0.1	0.356207	0.166667	0.166667	1.0	0.0	0.0	34	0.45	0.55	3840	20						0	42.56	51649.7
xq-elephant-river-and-eye	az-game-xiang-qi	code	codebase	medium	single-primary	held-out	claude	0012-wave2-ctx-header	w2-ctx-header	w2-ctx-header	combined	True	False	1.0	1.0	1.0	0.2	0.1	1.0	1.0	1.0	1.0	0.0	0.0	37	0.3	0.7	3766	20						0	34.11	51649.7
xq-soldier-river-crossing	az-game-xiang-qi	code	codebase	medium	single-primary	dev	claude	0012-wave2-ctx-header	w2-ctx-header	w2-ctx-header	combined	True	False	0.0	1.0	1.0	0.0	0.1	0.30103	0.111111	0.111111	1.0	1.0	0.0	31	0.55	0.45	3680	20						0	32.14	51649.7
xq-canonical-board-rotate-negate	az-game-xiang-qi	code	codebase	hard	single-primary	dev	claude	0012-wave2-ctx-header	w2-ctx-header	w2-ctx-header	combined	True	False	0.0	0.0	0.0	0.0	0.0	0.0	0.0	0.0	0.0	0.333333	1.0	37	0.5	0.5	3980	20						0	34.01	51649.7
xq-dense-serializer-planes	az-game-xiang-qi	code	codebase	medium	multi-primary	dev	claude	0012-wave2-ctx-header	w2-ctx-header	w2-ctx-header	combined	True	False	0.5	1.0	1.0	0.2	0.2	0.455605	0.2	0.2	1.0	0.666667	0.0	30	0.5	0.5	5711	20						0	63.81	51649.7
xq-compact-token-layout	az-game-xiang-qi	code	codebase	hard	multi-primary	dev	claude	0012-wave2-ctx-header	w2-ctx-header	w2-ctx-header	combined	True	False	0.5	1.0	1.0	0.2	0.2	0.491149	0.333333	0.333333	1.0	1.0	1.0	29	0.45	0.55	5586	20						0	84.32	51649.7
xq-max-legal-and-max-rounds	az-game-xiang-qi	code	codebase	easy	single-primary	held-out	claude	0012-wave2-ctx-header	w2-ctx-header	w2-ctx-header	combined	True	False	1.0	1.0	1.0	0.2	0.1	0.5	0.333333	0.333333	1.0	1.0	1.0	33	0.45	0.55	4192	20						0	47.97	51649.7
xq-zobrist-seed-and-black-key	az-game-xiang-qi	code	codebase	medium	single-primary	held-out	claude	0012-wave2-ctx-header	w2-ctx-header	w2-ctx-header	combined	True	False	1.0	1.0	1.0	0.2	0.1	0.63093	0.5	0.5	1.0	1.0	1.0	52	0.35	0.65	4935	20						0	32.38	51649.7
xq-undo-capture-packing	az-game-xiang-qi	code	codebase	medium	single-primary	dev	claude	0012-wave2-ctx-header	w2-ctx-header	w2-ctx-header	combined	True	False	1.0	1.0	1.0	0.2	0.1	0.63093	0.5	0.5	1.0	1.0	1.0	37	0.55	0.45	4493	20						0	43.07	51649.7
xq-history-lookback-zero	az-game-xiang-qi	code	codebase	easy	single-primary	held-out	claude	0012-wave2-ctx-header	w2-ctx-header	w2-ctx-header	combined	True	False	1.0	1.0	1.0	0.2	0.1	0.430677	0.25	0.25	1.0	0.5	0.0	34	0.45	0.55	5002	20						0	39.5	51649.7
xq-gui-piece-glyphs-and-markers	az-game-xiang-qi	code	codebase	medium	single-primary	held-out	claude	0012-wave2-ctx-header	w2-ctx-header	w2-ctx-header	combined	True	False	1.0	1.0	1.0	0.2	0.1	1.0	1.0	1.0	1.0	1.0	1.0	38	0.6	0.4	4538	20						0	68.46	51649.7
xq-doc-piece-codes-table	az-game-xiang-qi	nl	design-doc	easy	single-primary	dev	claude	0012-wave2-ctx-header	w2-ctx-header	w2-ctx-header	combined	True	False	1.0	1.0	1.0	0.2	0.1	1.0	1.0	1.0	1.0	1.0	1.0	37	0.5	0.5	4870	20						0	62.05	51649.7
xq-doc-stalemate-asian-rule	az-game-xiang-qi	nl	design-doc	medium	single-primary	held-out	claude	0012-wave2-ctx-header	w2-ctx-header	w2-ctx-header	combined	True	False	1.0	1.0	1.0	0.2	0.1	0.63093	0.5	0.5	1.0	1.0	1.0	30	0.3	0.7	4381	20						0	32.36	51649.7
xq-doc-repetition-zobrist-array	az-game-xiang-qi	nl	design-doc	medium	single-primary	dev	claude	0012-wave2-ctx-header	w2-ctx-header	w2-ctx-header	combined	True	False	1.0	1.0	1.0	0.2	0.1	1.0	1.0	1.0	1.0	1.0	1.0	37	0.45	0.55	4773	20						0	33.98	51649.7
xq-doc-symmetry-only-mirror	az-game-xiang-qi	nl	design-doc	hard	multi-primary	held-out	claude	0012-wave2-ctx-header	w2-ctx-header	w2-ctx-header	combined	True	False	1.0	1.0	1.0	0.4	0.2	0.543771	0.333333	0.333333	1.0	0.666667	1.0	34	0.45	0.55	5946	20						0	37.5	51649.7
xq-doc-cannon-screen-rule	az-game-xiang-qi	nl	design-doc	medium	single-primary	held-out	claude	0012-wave2-ctx-header	w2-ctx-header	w2-ctx-header	combined	True	False	1.0	1.0	1.0	0.2	0.1	0.63093	0.5	0.5	1.0	1.0	1.0	37	0.35	0.65	3860	20						0	147.56	51649.7
xq-cx-policy-slot-canonical-sharing	az-game-xiang-qi	code	codebase	hard	multi-primary	dev	codex	0012-wave2-ctx-header	w2-ctx-header	w2-ctx-header	combined	True	False	0.5	1.0	1.0	0.2	0.1	0.264068	0.25	0.25	1.0	0.333333	0.0	37	0.4	0.6	4966	20						0	37.96	51649.7
xq-cx-dense-deserializer-length-contract	az-game-xiang-qi	code	codebase	medium	single-primary	dev	codex	0012-wave2-ctx-header	w2-ctx-header	w2-ctx-header	combined	True	False	1.0	1.0	1.0	0.2	0.1	0.430677	0.25	0.25	1.0	1.0	1.0	35	0.6	0.4	5936	20						0	32.28	51649.7
xq-cx-compact-policy-target-ordering	az-game-xiang-qi	code	codebase	hard	multi-primary	dev	codex	0012-wave2-ctx-header	w2-ctx-header	w2-ctx-header	combined	True	False	0.5	1.0	1.0	0.2	0.1	0.264068	0.25	0.25	1.0	0.666667	1.0	32	0.4	0.6	5953	20						0	44.24	51649.7
xq-cx-termination-priority-order	az-game-xiang-qi	code	codebase	hard	multi-primary	held-out	codex	0012-wave2-ctx-header	w2-ctx-header	w2-ctx-header	combined	True	False	1.0	1.0	1.0	0.4	0.2	0.919721	1.0	1.0	1.0	1.0	1.0	43	0.45	0.55	4844	20						0	88.33	51649.7
xq-cx-apply-undo-allocation-free-constraint	az-game-xiang-qi	nl	design-doc	medium	single-primary	dev	codex	0012-wave2-ctx-header	w2-ctx-header	w2-ctx-header	combined	True	False	1.0	1.0	1.0	0.2	0.1	1.0	1.0	1.0	1.0	1.0	1.0	36	0.3	0.7	5359	20						0	53.69	51649.7
xq-cx-snapshot-undo-unavailable	az-game-xiang-qi	code	codebase	hard	multi-primary	dev	codex	0012-wave2-ctx-header	w2-ctx-header	w2-ctx-header	combined	True	False	0.0	0.5	1.0	0.0	0.1	0.184576	0.111111	0.111111	0.5	0.666667	0.0	43	0.6	0.4	4617	20						0	43.67	51649.7
xq-cx-mirror-transform-mechanics	az-game-xiang-qi	code	codebase	medium	multi-primary	held-out	codex	0012-wave2-ctx-header	w2-ctx-header	w2-ctx-header	combined	True	False	1.0	1.0	1.0	0.4	0.2	0.877215	1.0	1.0	1.0	1.0	1.0	49	0.7	0.3	4678	20						0	37.19	51649.7
xq-cx-inference-vs-train-inverse-mapping	az-game-xiang-qi	code	codebase	hard	multi-primary	dev	codex	0012-wave2-ctx-header	w2-ctx-header	w2-ctx-header	combined	True	False	0.0	0.5	1.0	0.0	0.0	0.0	0.066667	0.066667	0.5	0.666667	0.0	39	0.45	0.55	6619	20						0	28.9	51649.7
xq-cx-action-string-notation-and-errors	az-game-xiang-qi	code	codebase	medium	multi-primary	dev	codex	0012-wave2-ctx-header	w2-ctx-header	w2-ctx-header	combined	True	False	0.666667	0.666667	1.0	0.4	0.2	0.498189	0.5	0.5	0.666667	1.0	1.0	41	0.65	0.35	5409	20						0	52.74	51649.7
xq-cx-wasm-apply-by-index-safety	az-game-xiang-qi	code	codebase	hard	multi-primary	dev	codex	0012-wave2-ctx-header	w2-ctx-header	w2-ctx-header	combined	True	False	0.0	1.0	1.0	0.0	0.1	0.218407	0.166667	0.166667	1.0	0.333333	1.0	49	0.7	0.3	4398	20						0	66.07	51649.7
xq-cx-gamekit-server-payload-no-history	az-game-xiang-qi	code	codebase	medium	single-primary	dev	codex	0012-wave2-ctx-header	w2-ctx-header	w2-ctx-header	combined	True	False	1.0	1.0	1.0	0.2	0.1	1.0	1.0	1.0	1.0	1.0	1.0	45	0.45	0.55	5925	20						0	69.81	51649.7
xq-cx-build-ci-presets-and-pinned-api	az-game-xiang-qi	code	codebase	medium	multi-primary	held-out	codex	0012-wave2-ctx-header	w2-ctx-header	w2-ctx-header	combined	True	False	0.5	1.0	1.0	0.2	0.2	0.831555	1.0	1.0	1.0	1.0	1.0	46	0.45	0.55	6502	20						0	38.3	51649.7
web-vite-phaser-prebundle-exclude	website	code	codebase	easy	single-primary	held-out	claude	0012-wave2-ctx-header	w2-ctx-header	w2-ctx-header	combined	True	False	1.0	1.0	1.0	0.2	0.1	1.0	1.0	1.0	1.0	1.0	1.0	61	0.4	0.6	5698	20						1	59.31	187028.3
web-react-compiler-babel-before-vitereact	website	code	codebase	medium	single-primary	held-out	claude	0012-wave2-ctx-header	w2-ctx-header	w2-ctx-header	combined	True	False	1.0	1.0	1.0	0.2	0.1	1.0	1.0	1.0	1.0	1.0	1.0	66	0.45	0.55	5660	20						0	49.96	187028.3
web-dev-boot-id-consent-storage-scope	website	code	codebase	hard	multi-primary	dev	claude	0012-wave2-ctx-header	w2-ctx-header	w2-ctx-header	combined	True	False	1.0	1.0	1.0	0.4	0.2	0.693426	0.5	0.5	1.0	1.0	1.0	51	0.2	0.8	6821	20						0	54.35	187028.3
web-figure-align-seated-base-anchor	website	code	codebase	medium	single-primary	held-out	claude	0012-wave2-ctx-header	w2-ctx-header	w2-ctx-header	combined	True	False	1.0	1.0	1.0	0.2	0.1	1.0	1.0	1.0	1.0	1.0	1.0	35	0.35	0.65	6513	20						1	38.94	187028.3
web-provider-race-cancels-slower	website	code	codebase	hard	single-primary	dev	claude	0012-wave2-ctx-header	w2-ctx-header	w2-ctx-header	combined	True	False	0.0	1.0	1.0	0.0	0.0	0.0	0.066667	0.066667	1.0	0.333333	1.0	52	0.05	0.95	8257	20						1	46.7	187028.3
web-consent-tier-gateway-log-headers	website	code	codebase	medium	single-primary	dev	claude	0012-wave2-ctx-header	w2-ctx-header	w2-ctx-header	combined	True	False	0.0	0.0	1.0	0.0	0.0	0.0	0.035714	0.035714	0.0	0.5	1.0	39	0.0	1.0	9182	20						1	34.34	187028.3
web-inner-thought-throttle-unfinished-sentence	website	code	codebase	medium	single-primary	held-out	claude	0012-wave2-ctx-header	w2-ctx-header	w2-ctx-header	combined	True	False	1.0	1.0	1.0	0.2	0.1	0.430677	0.25	0.25	1.0	1.0	1.0	45	0.35	0.65	6220	20						0	44.61	187028.3
web-avatar-route-etag-304	website	code	codebase	medium	single-primary	dev	claude	0012-wave2-ctx-header	w2-ctx-header	w2-ctx-header	combined	True	False	1.0	1.0	1.0	0.2	0.1	0.5	0.333333	0.333333	1.0	1.0	1.0	41	0.3	0.7	7874	20						0	37.89	187028.3
web-avatar-object-key-format	website	code	codebase	hard	single-primary	dev	claude	0012-wave2-ctx-header	w2-ctx-header	w2-ctx-header	combined	True	False	0.0	0.0	0.0	0.0	0.0	0.0	0.0	0.0	0.0	0.333333	1.0	46	0.1	0.9	9258	20						0	39.14	187028.3
web-avatar-mime-magic-bytes	website	code	codebase	medium	single-primary	dev	claude	0012-wave2-ctx-header	w2-ctx-header	w2-ctx-header	combined	True	False	1.0	1.0	1.0	0.2	0.1	0.63093	0.5	0.5	1.0	1.0	1.0	35	0.4	0.6	7637	20						0	41.39	187028.3
web-provider-token-cookie-chunking	website	code	codebase	medium	single-primary	dev	claude	0012-wave2-ctx-header	w2-ctx-header	w2-ctx-header	combined	True	False	1.0	1.0	1.0	0.2	0.1	0.5	0.333333	0.333333	1.0	1.0	0.0	50	0.35	0.65	6944	20						0	42.93	187028.3
web-github-mirror-sync-markdown-tree	website	code	codebase	hard	single-primary	held-out	claude	0012-wave2-ctx-header	w2-ctx-header	w2-ctx-header	combined	True	False	0.0	1.0	1.0	0.0	0.1	0.356207	0.166667	0.166667	1.0	0.333333	0.0	39	0.15	0.85	6983	20						0	39.96	187028.3
web-repo-key-derivation	website	code	codebase	easy	single-primary	dev	claude	0012-wave2-ctx-header	w2-ctx-header	w2-ctx-header	combined	True	False	0.0	1.0	1.0	0.0	0.1	0.356207	0.166667	0.166667	1.0	0.0	0.0	42	0.25	0.75	7049	20						1	39.45	187028.3
web-ssim-locked-region-skip	website	code	codebase	medium	single-primary	held-out	claude	0012-wave2-ctx-header	w2-ctx-header	w2-ctx-header	combined	True	False	1.0	1.0	1.0	0.2	0.1	1.0	1.0	1.0	1.0	1.0	1.0	45	0.35	0.65	5023	20						0	37.95	187028.3
web-shirt-text-arm-collision	website	code	codebase	medium	single-primary	dev	claude	0012-wave2-ctx-header	w2-ctx-header	w2-ctx-header	combined	True	False	1.0	1.0	1.0	0.2	0.1	1.0	1.0	1.0	1.0	0.0	0.0	38	0.5	0.5	6500	20						2	37.84	187028.3
web-eslint-ban-manual-memo-enums	website	code	codebase	easy	single-primary	dev	claude	0012-wave2-ctx-header	w2-ctx-header	w2-ctx-header	combined	True	False	1.0	1.0	1.0	0.2	0.1	0.63093	0.5	0.5	1.0	1.0	1.0	77	0.45	0.55	5510	20						0	34.61	187028.3
web-cookie-shortbread-prompt-edge-detail	website	nl	session-prompting	easy	single-primary	held-out	claude	0012-wave2-ctx-header	w2-ctx-header	w2-ctx-header	combined	True	False	1.0	1.0	1.0	0.2	0.1	1.0	1.0	1.0	1.0	1.0	1.0	38	0.1	0.9	7434	20						0	36.55	187028.3
web-hero-artifact-fix-hard-negatives	website	nl	session-prompting	medium	single-primary	held-out	claude	0012-wave2-ctx-header	w2-ctx-header	w2-ctx-header	combined	True	False	0.0	1.0	1.0	0.0	0.1	0.315465	0.125	0.125	1.0	1.0	0.0	36	0.05	0.95	6334	20						1	40.62	187028.3
web-cookie-figure-shirt-print-ink	website	nl	session-prompting	medium	single-primary	dev	claude	0012-wave2-ctx-header	w2-ctx-header	w2-ctx-header	combined	True	False	1.0	1.0	1.0	0.2	0.1	1.0	1.0	1.0	1.0	1.0	1.0	40	0.1	0.9	7023	20						0	37.45	187028.3
web-sapiens-print-surface-mask	website	nl	session-prompting	medium	single-primary	dev	claude	0012-wave2-ctx-header	w2-ctx-header	w2-ctx-header	combined	True	False	1.0	1.0	1.0	0.2	0.1	0.63093	0.5	0.5	1.0	1.0	1.0	47	0.05	0.95	6351	20						5	43.83	187028.3
web-gemma-e4b-neuron-budget	website	nl	session-prompting	easy	single-primary	held-out	claude	0012-wave2-ctx-header	w2-ctx-header	w2-ctx-header	combined	True	False	1.0	1.0	1.0	0.2	0.1	1.0	1.0	1.0	1.0	1.0	1.0	54	0.0	1.0	6678	20						0	33.99	187028.3
web-idle-nudge-pointing-timers	website	nl	session-prompting	medium	single-primary	held-out	claude	0012-wave2-ctx-header	w2-ctx-header	w2-ctx-header	combined	True	False	1.0	1.0	1.0	0.2	0.1	1.0	1.0	1.0	1.0	1.0	0.0	35	0.2	0.8	5671	20						1	39.93	187028.3
web-hidpi-canvas-scale-fix	website	nl	session-prompting	hard	single-primary	held-out	claude	0012-wave2-ctx-header	w2-ctx-header	w2-ctx-header	combined	True	False	1.0	1.0	1.0	0.2	0.1	1.0	1.0	1.0	1.0	1.0	1.0	41	0.2	0.8	5827	20						2	38.86	187028.3
web-feature-flag-throttle-profiles	website	nl	session-prompting	hard	single-primary	dev	claude	0012-wave2-ctx-header	w2-ctx-header	w2-ctx-header	combined	True	False	1.0	1.0	1.0	0.2	0.1	0.63093	0.5	0.5	1.0	1.0	1.0	35	0.0	1.0	7147	20						0	41.69	187028.3
web-github-mirror-r2-sync-counts	website	nl	session-prompting	medium	single-primary	held-out	claude	0012-wave2-ctx-header	w2-ctx-header	w2-ctx-header	combined	True	False	1.0	1.0	1.0	0.2	0.1	1.0	1.0	1.0	1.0	1.0	1.0	35	0.1	0.9	7156	20						0	38.64	187028.3
web-ai-search-retrieval-bridge-config	website	nl	session-prompting	hard	single-primary	dev	claude	0012-wave2-ctx-header	w2-ctx-header	w2-ctx-header	combined	True	False	1.0	1.0	1.0	0.2	0.1	0.430677	0.25	0.25	1.0	1.0	1.0	36	0.05	0.95	8154	20						0	40.13	187028.3
web-openai-shirt-thought-racer-winner	website	nl	session-prompting	medium	single-primary	held-out	claude	0012-wave2-ctx-header	w2-ctx-header	w2-ctx-header	combined	True	False	1.0	1.0	1.0	0.2	0.1	1.0	1.0	1.0	1.0	1.0	1.0	39	0.1	0.9	7826	20						1	41.98	187028.3
web-jj-workspace-vs-worktree-constraint	website	nl	session-prompting	medium	single-primary	held-out	claude	0012-wave2-ctx-header	w2-ctx-header	w2-ctx-header	combined	True	False	1.0	1.0	1.0	0.2	0.1	1.0	1.0	1.0	1.0	1.0	1.0	50	0.0	1.0	6827	20						1	46.0	187028.3
web-aisearch-reranker-threshold-clamp	website	code	codebase	medium	single-primary	held-out	codex	0012-wave2-ctx-header	w2-ctx-header	w2-ctx-header	combined	True	False	0.0	1.0	1.0	0.0	0.1	0.289065	0.1	0.1	1.0	0.0	0.0	51	0.05	0.95	7048	20						0	49.94	187028.3
web-github-search-route-dev-only-404	website	code	codebase	easy	single-primary	dev	codex	0012-wave2-ctx-header	w2-ctx-header	w2-ctx-header	combined	True	False	0.0	1.0	1.0	0.0	0.0	0.0	0.083333	0.083333	1.0	1.0	0.0	63	0.15	0.85	6490	20						0	40.98	187028.3
web-retrieval-mirror-key-to-github-blob-url	website	code	codebase	medium	single-primary	dev	codex	0012-wave2-ctx-header	w2-ctx-header	w2-ctx-header	combined	True	False	0.0	1.0	1.0	0.0	0.1	0.289065	0.1	0.1	1.0	0.333333	0.0	34	0.15	0.85	7866	20						0	43.14	187028.3
web-feature-flag-userhash-cache-failclosed	website	code	codebase	hard	single-primary	held-out	codex	0012-wave2-ctx-header	w2-ctx-header	w2-ctx-header	combined	True	False	0.0	1.0	1.0	0.0	0.1	0.333333	0.142857	0.142857	1.0	0.333333	0.0	43	0.3	0.7	5952	20						0	44.41	187028.3
web-feature-flag-audience-rule-vocabulary	website	nl	design-doc	medium	single-primary	dev	codex	0012-wave2-ctx-header	w2-ctx-header	w2-ctx-header	combined	True	False	1.0	1.0	1.0	0.2	0.1	1.0	1.0	1.0	1.0	1.0	1.0	42	0.25	0.75	6193	20						0	39.24	187028.3
web-shirt-response-mode-defaults-budget	website	code	codebase	medium	single-primary	dev	codex	0012-wave2-ctx-header	w2-ctx-header	w2-ctx-header	combined	True	False	0.0	1.0	1.0	0.0	0.1	0.315465	0.125	0.125	1.0	1.0	0.0	39	0.2	0.8	8844	20						0	42.88	187028.3
web-readme-route-swr-index-revalidation	website	code	codebase	medium	single-primary	held-out	codex	0012-wave2-ctx-header	w2-ctx-header	w2-ctx-header	combined	True	False	0.0	1.0	1.0	0.0	0.0	0.0	0.090909	0.090909	1.0	0.0	0.0	40	0.1	0.9	7372	20						0	39.08	187028.3
web-forearm-cutout-dom-zindex-sandwich	website	code	codebase	medium	single-primary	held-out	codex	0012-wave2-ctx-header	w2-ctx-header	w2-ctx-header	combined	True	False	1.0	1.0	1.0	0.2	0.1	1.0	1.0	1.0	1.0	0.333333	1.0	33	0.5	0.5	6092	20						1	43.14	187028.3
web-mirror-runtime-refresh-extensions-readmeflag	website	nl	design-doc	medium	single-primary	held-out	codex	0012-wave2-ctx-header	w2-ctx-header	w2-ctx-header	combined	True	False	1.0	1.0	1.0	0.2	0.1	1.0	1.0	1.0	1.0	1.0	1.0	39	0.05	0.95	7375	20						0	45.34	187028.3
web-mirror-allowlist-repos-and-token-source	website	nl	design-doc	easy	single-primary	held-out	codex	0012-wave2-ctx-header	w2-ctx-header	w2-ctx-header	combined	True	False	1.0	1.0	1.0	0.2	0.1	1.0	1.0	1.0	1.0	1.0	1.0	41	0.0	1.0	7373	20						0	36.34	187028.3
web-consent-choice-span-and-region-stub	website	nl	design-doc	medium	single-primary	dev	codex	0012-wave2-ctx-header	w2-ctx-header	w2-ctx-header	combined	True	False	1.0	1.0	1.0	0.2	0.1	1.0	1.0	1.0	1.0	1.0	1.0	42	0.0	1.0	8231	20						0	38.0	187028.3
web-aisearch-setup-chunk-overlap-stemmer	website	nl	session-prompting	medium	single-primary	held-out	codex	0012-wave2-ctx-header	w2-ctx-header	w2-ctx-header	combined	True	False	1.0	1.0	1.0	0.2	0.1	1.0	1.0	1.0	1.0	1.0	1.0	43	0.0	1.0	5951	20						0	40.35	187028.3
web-heropoint-compositelock-maskfeather-bug	website	nl	session-prompting	hard	single-primary	dev	codex	0012-wave2-ctx-header	w2-ctx-header	w2-ctx-header	combined	True	False	1.0	1.0	1.0	0.2	0.1	0.5	0.333333	0.333333	1.0	1.0	1.0	29	0.05	0.95	6758	20						1	41.79	187028.3
web-sapiens-seg-model-and-pose-retrace-chain	website	nl	design-doc	medium	single-primary	held-out	codex	0012-wave2-ctx-header	w2-ctx-header	w2-ctx-header	combined	True	False	1.0	1.0	1.0	0.2	0.1	1.0	1.0	1.0	1.0	1.0	1.0	25	0.1	0.9	7485	20						5	42.56	187028.3
web-shirt-enter-submit-modifier-ime-guard	website	nl	session-prompting	medium	single-primary	held-out	codex	0012-wave2-ctx-header	w2-ctx-header	w2-ctx-header	combined	True	False	1.0	1.0	1.0	0.2	0.1	1.0	1.0	1.0	1.0	1.0	1.0	73	0.25	0.75	6308	20						0	37.34	187028.3
